removed_iso3,removed_country_name,removed_region,removed_highland_population_2025,removed_highland_absolute_growth_2015_2025,remaining_highland_population_2015,remaining_highland_population_2025,remaining_highland_absolute_change_2015_2025,remaining_highland_growth_percent,remaining_lowland_population_2015,remaining_lowland_population_2025,remaining_lowland_absolute_change_2015_2025,remaining_lowland_growth_percent,remaining_highland_minus_lowland_growth_difference_pp,contrast_reverses_highland_not_greater_than_lowland
ETH,Ethiopia,Africa,106551692.44679794,25218557.028767392,362787398.96935993,415419335.99164236,52631937.02228242,14.507653014356094,5724678448.777189,6237566033.244095,512887584.4669056,8.959238305803186,5.548414708552908,False
YEM,Yemen,Asia,20076953.365655087,5108093.455747684,429151674.4774831,501894075.0727852,72742400.5953021,16.950277704000612,5720669490.967296,6232074995.69817,511405504.73087406,8.939609350590217,8.010668353410395,False
AFG,Afghanistan,Asia,19419789.04175954,4165268.7936491203,428866014.1392801,502551239.3966807,73685225.25740063,17.181409304555046,5723977569.979773,6236672904.362654,512695334.38288116,8.95697664980006,8.224432654754986,False
COD,Congo (Kinshasa),Africa,12415928.309474522,3502849.980818119,435207456.0587341,509555100.12896574,74347644.07023162,17.083265241714496,5698368753.271308,6200651485.135353,502282731.86404514,8.81450031775665,8.268764923957846,False
JPN,Japan,Asia,3856.5506679833056,-140.68893701304614,444116537.1477855,521967171.88777226,77850634.73998678,17.529325802628463,5603066809.113158,6120986769.4510145,517919960.3378563,9.243508563836517,8.285817238791946,False
KEN,Kenya,Africa,30906130.297965493,5612717.027352672,418827121.11677766,491064898.1404748,72237777.02369714,17.247635929373292,5721553693.472579,6234116520.353159,512562826.88057995,8.95845524381491,8.289180685558382,False
RUS,Russia,Europe,227637.40288291103,2819.6596775644575,443895716.6441851,521743391.0355573,77847674.3913722,17.53737904476623,5589590589.98529,6104308133.730011,514717543.7447214,9.208501686454929,8.328877358311301,False
UKR,Ukraine,Europe,45.35404870958538,-6.436304211644114,444120482.59703755,521970983.08439153,77850500.48735398,17.529139847843908,5682718420.132351,6204327330.043952,521608909.91160107,9.178862497632828,8.35027735021108,False
AGO,Angola,Africa,6660610.801523133,1867749.7874108236,439327673.3732782,515310417.6369171,75982744.26363891,17.295232890799387,5717002880.834933,6226639522.46242,509636641.6274872,8.914402393182945,8.380830497616442,False
TZA,Tanzania,Africa,9708705.287516268,2240897.1318151243,436652726.23168933,512262323.15092397,75609596.91923463,17.315727665723067,5715476534.812492,6224968257.342606,509491722.5301132,8.914247472224607,8.40148019349846,False
UGA,Uganda,Africa,4588904.775449673,1243480.0769522209,440775109.688893,517382123.66299057,76607013.97409755,17.38006804153895,5728291873.086485,6242357720.072886,514065846.98640156,8.974155967883942,8.40591207365501,False
RWA,Rwanda,Africa,9779778.363223705,1972017.1553113526,436312773.17947817,512191250.07521653,75878476.89573836,17.39084472425601,5728291873.086485,6242357720.072886,514065846.98640156,8.974155967883942,8.416688756372068,False
ITA,Italy,Europe,81632.70941256573,-1859.2796151620423,444037042.39836276,521889395.7290277,77852353.33066493,17.53285106804684,5671981925.086663,6187337141.430055,515355216.3433914,9.085981287493563,8.446869780553275,False
PNG,Papua New Guinea,Oceania,4211689.999101436,1028808.502872589,440937652.8911616,517759338.4393388,76821685.54817718,17.42234645747964,5723866132.966422,6237208940.685928,513342807.71950626,8.9684628500119,8.453883607467741,False
BRA,Brazil,South America,66945.19126907179,2027.613661439551,444055616.80978286,521904083.24717116,77848466.4373883,17.531242369294414,5614313574.655823,6123733257.521289,509419682.8654661,9.073588001302463,8.457654367991951,False
BDI,Burundi,Africa,7915595.5760886995,1510063.7420383943,437715002.5533402,514055432.86235154,76340430.30901134,17.440670268026388,5728291873.086485,6242357720.072886,514065846.98640156,8.974155967883942,8.466514300142446,False
THA,Thailand,Asia,2602.1729042083693,44.005442405585654,444117976.2199287,521968426.26553607,77850450.04560739,17.52922741570262,5658929034.999936,6171757962.039374,512828927.03943825,9.06229648521196,8.466930930490662,False
DEU,Germany,Europe,1288.9217453065328,55.6335635669368,444119301.0992088,521969739.51669496,77850438.41748619,17.52917250495621,5654103117.381127,6165718644.910257,511615527.52913,9.048570868054853,8.480601636901358,False
FRA,France,Europe,51811.82337430849,1407.2844270751666,444070129.84844327,521919216.61506593,77849086.76662266,17.530809107379454,5666322754.247993,6178697446.924171,512374692.676178,9.04245513180581,8.488353975573645,False
KOR,"Korea, South",Asia,3.6615113692957864,0.06466267447133767,444120530.7905418,521971024.7769289,77850493.98638707,17.52913648189421,5677652302.97585,6190796385.553929,513144082.5780792,9.037962439318854,8.491174042575356,False
POL,Poland,Europe,68.60134691150385,0.0749993360877994,444120465.8610429,521970959.83709335,77850493.97605044,17.52913904229048,5690607369.762484,6204574273.897814,513966904.1353302,9.031846176320935,8.497292865969547,False
ROU,Romania,Europe,2819.6803194317613,-138.29496224585,444117576.41210884,521968208.75812083,77850632.346012,17.52928424381301,5710358237.314041,6225287642.7749815,514929405.46094036,9.017462373834286,8.511821869978723,False
TWN,Taiwan,Asia,8034.587337916285,-126.43301273392535,444112373.36703986,521962993.85110235,77850620.4840625,17.529486939046006,5704915563.37604,6219317207.65246,514401644.27641964,9.01681433426875,8.512672604777256,False
VEN,Venezuela,South America,439987.25918542355,-30054.365369837265,443650492.7628352,521531041.17925483,77880548.41641963,17.554482568342976,5705590976.5621395,6221114170.107195,515523193.5450554,9.03540396889228,8.519078599450696,False
ESP,Spain,Europe,14296.299966444034,-564.2781566863541,444105673.80926734,521956732.1384738,77851058.32920647,17.529849970491846,5696003180.981332,6208984164.63149,512980983.6501579,9.005981340793062,8.523868629698784,False
GRC,Greece,Europe,1536.3830139193,-366.23443035420155,444118631.7699462,521969492.05542636,77850860.28548014,17.52929391302974,5718121695.602904,6232972750.830934,514851055.22802925,9.003849211952538,8.525444701077202,False
GBR,United Kingdom,Europe,0.0,0.0,444120534.3873905,521971028.43844026,77850494.05104977,17.52913635448875,5663179962.571607,6173013941.035649,509833978.46404266,9.002609520332653,8.526526834156096,False
CUB,Cuba,North America,0.6040899981744587,0.09125099808443338,444120533.8745515,521971027.8343503,77850493.95979881,17.529136354183716,5717077493.822585,6231459139.43329,514381645.6107044,8.997283072802563,8.531853281381153,False
BLR,Belarus,Europe,0.0,0.0,444120534.3873905,521971028.43844026,77850494.05104977,17.52913635448875,5718812661.843226,6233329692.937784,514517031.09455776,8.99692054134755,8.5322158131412,False
PRK,"Korea, North",Asia,9320.348917343626,460.4975303415649,444111674.5360035,521961708.0895229,77850033.55351943,17.529382364211692,5704346160.458279,6217452375.809238,513106215.3509598,8.99500487729408,8.534377486917611,False
HUN,Hungary,Europe,0.0,0.0,444120534.3873905,521971028.43844026,77850494.05104977,17.52913635448875,5718443891.435778,6232698993.869744,514255102.43396664,8.992920315335091,8.536216039153658,False
SRB,Serbia,Europe,299.7967787958917,-152.3410436695147,444120082.24956805,521970728.64166147,77850646.39209342,17.529188501848957,5721536093.38516,6236051855.251128,514515761.86596775,8.992615854697043,8.536572647151914,False
ZMB,Zambia,Africa,564393.2124385883,146198.4762323883,443702339.6511843,521406635.2260017,77704295.57481736,17.512708099737413,5728147322.133572,6242164150.671108,514016828.5375366,8.973526685519674,8.539181414217738,False
PRT,Portugal,Europe,439.0278632203203,1.4865369364268304,444120096.8460642,521970589.41057706,77850492.56451285,17.529153289250157,5718492979.438193,6232523678.858225,514030699.42003155,8.988918955891275,8.540234333358882,False
LBN,Lebanon,Asia,17119.350884172978,-2033.6610482436117,444101381.37545806,521953909.08755606,77852527.712098,17.53035027069166,5723750664.198684,6238314946.5408745,514564282.34219074,8.98998423465095,8.540366036040709,False
NAM,Namibia,Africa,625019.417621879,147002.65000100544,443642517.61976963,521346009.0208184,77703491.40104878,17.514888297439,5728095946.824502,6242101603.368733,514005656.5442314,8.973412130590829,8.541476166848172,False
ARG,Argentina,South America,273219.7749771285,15063.119870758615,443862377.7322841,521697808.6634631,77835430.93117899,17.53593790238412,5692133364.921413,6204090929.355272,511957564.4338589,8.994124550715389,8.541813351668731,False
BGR,Bulgaria,Europe,5332.646556274246,-374.5129351576952,444114827.2278991,521965695.791884,77850868.56398493,17.529445943050103,5723394737.925924,6237776448.633947,514381710.7080231,8.987353384862418,8.542092558187685,False
HRV,Croatia,Europe,11.33301403093435,-0.7379095731836287,444120522.31646687,521971017.10542625,77850494.78895938,17.52913699707069,5724150098.930218,6238555090.662836,514404991.73261833,8.986574126152897,8.542562870917793,False
CZE,Czechia,Europe,0.0,0.0,444120534.3873905,521971028.43844026,77850494.05104977,17.52913635448875,5718858546.007804,6232742103.667015,513883557.65921116,8.985771435419412,8.543364919069337,False
KGZ,Kyrgyzstan,Asia,1296427.1902378127,234926.5421488646,443059033.73930156,520674601.24820244,77615567.50890088,17.518109687064936,5728281860.196357,6242345658.2833805,514063798.08702374,8.974135886347646,8.54397380071729,False
HKG,Hong Kong,Asia,0.0,0.0,444120534.3873905,521971028.43844026,77850494.05104977,17.52913635448875,5720955779.188632,6234970239.040288,514014459.85165596,8.984765477850896,8.544370876637853,False
MDA,Moldova,Europe,0.0,0.0,444120534.3873905,521971028.43844026,77850494.05104977,17.52913635448875,5724974690.170074,6239337815.22173,514363125.05165577,8.984548454595446,8.544587899893303,False
PRI,Puerto Rico,North America,0.0,0.0,444120534.3873905,521971028.43844026,77850494.05104977,17.52913635448875,5724910229.599127,6239265938.983966,514355709.38483906,8.984520084271358,8.544616270217391,False
BIH,Bosnia and Herzegovina,Europe,1544.7825320494787,-163.76389410197157,444118825.8409643,521969483.6559082,77850657.81494391,17.529240663808668,5725743726.045174,6240102934.905884,514359208.86071014,8.98327332606594,8.545967337742729,False
BEL,Belgium,Europe,0.0,0.0,444120534.3873905,521971028.43844026,77850494.05104977,17.52913635448875,5717087623.085427,6230643583.4290695,513555960.34364223,8.982824721277995,8.546311633210754,False
SVK,Slovakia,Europe,378.3758333380343,5.171244062274582,444120161.18280125,521970650.06260693,77850488.87980568,17.529149920253715,5723620856.036482,6237621099.426384,514000243.3899021,8.980333539175746,8.54881638107797,False
FIN,Finland,Europe,0.0,0.0,444120534.3873905,521971028.43844026,77850494.05104977,17.52913635448875,5722790592.976208,6236704274.527796,513913681.55158806,8.980123825993795,8.549012528494954,False
LTU,Lithuania,Europe,0.0,0.0,444120534.3873905,521971028.43844026,77850494.05104977,17.52913635448875,5725369284.376597,6239505885.589908,514136601.21331024,8.979972743702097,8.549163610786652,False
NLD,Netherlands,Europe,0.0,0.0,444120534.3873905,521971028.43844026,77850494.05104977,17.52913635448875,5711231679.488654,6224072688.763085,512841009.2744312,8.979516819747499,8.54961953474125,False
LVA,Latvia,Europe,0.0,0.0,444120534.3873905,521971028.43844026,77850494.05104977,17.52913635448875,5726306542.509217,6240494750.296363,514188207.7871456,8.979404158161481,8.549732196327268,False
URY,Uruguay,South America,0.0,0.0,444120534.3873905,521971028.43844026,77850494.05104977,17.52913635448875,5724929939.657224,6238972086.757508,514042147.1002846,8.979012014443317,8.550124340045432,False
ALB,Albania,Europe,1952.0244898144724,-429.71260666424223,444118152.650294,521969076.41395044,77850923.76365644,17.52932711691196,5725818194.493358,6239934388.771086,514116194.2777281,8.978912302387887,8.550414814524075,False
MKD,North Macedonia,Europe,560.9666226949614,-50.93322172557157,444119922.4875461,521970467.47181755,77850544.98427147,17.529171974142756,5727004088.1041355,6241180813.043613,514176724.9394779,8.978109968657115,8.55106200548564,False
JAM,Jamaica,North America,19.177272941714307,0.18502098953486268,444120515.39513856,521971009.26116735,77850493.86602879,17.52913706244,5725844497.6461525,6239875264.554301,514030766.90814877,8.97737909437573,8.55175796806427,False
DNK,Denmark,Europe,0.0,0.0,444120534.3873905,521971028.43844026,77850494.05104977,17.52913635448875,5722631901.405311,6236366802.843458,513734901.43814754,8.977248760522048,8.5518875939667,False
SGP,Singapore,Asia,0.0,0.0,444120534.3873905,521971028.43844026,77850494.05104977,17.52913635448875,5722800282.086722,6236505407.07332,513705124.986598,8.976464312315372,8.552672042173377,False
MUS,Mauritius,Africa,0.0,0.0,444120534.3873905,521971028.43844026,77850494.05104977,17.52913635448875,5727075310.674132,6241162343.617534,514087032.94340134,8.976432211136547,8.552704143352202,False
SLV,El Salvador,North America,17749.595384147782,512.9533484877174,444103297.74535483,521953278.84305614,77849981.09770131,17.529701196305876,5725636599.193229,6239626521.449595,513989922.2563667,8.976991699556876,8.552709496749,False
SVN,Slovenia,Europe,224.3719010969776,6.4942004519301975,444120316.50968987,521970804.06653917,77850487.5568493,17.52914349171656,5726474334.6881695,6240488036.596319,514013701.9081497,8.976093698604517,8.553049793112043,False
MTQ,Martinique,North America,0.0,0.0,444120534.3873905,521971028.43844026,77850494.05104977,17.52913635448875,5727907402.225056,6242016880.981823,514109478.7567673,8.975520074871618,8.553616279617131,False
EST,Estonia,Europe,0.0,0.0,444120534.3873905,521971028.43844026,77850494.05104977,17.52913635448875,5726977983.06605,6241003119.393262,514025136.32721233,8.975503971677904,8.553632382810845,False
FJI,Fiji,Oceania,0.0,0.0,444120534.3873905,521971028.43844026,77850494.05104977,17.52913635448875,5727376732.253863,6241429098.800468,514052366.5466051,8.975354522284286,8.553781832204463,False
GLP,Guadeloupe,North America,0.0,0.0,444120534.3873905,521971028.43844026,77850494.05104977,17.52913635448875,5727889166.207275,6241985897.92684,514096731.71956444,8.975326107086214,8.553810247402534,False
XKS,Kosovo,Europe,3019.735237030017,-175.30305828197788,444117339.34909517,521968008.70320326,77850669.3541081,17.529301933630236,5727766737.071249,6241860713.282533,514093976.2112837,8.975469843839221,8.553832089791015,False
AZE,Azerbaijan,Asia,80064.05813200424,4971.983037421349,444045442.3122959,521890964.3803083,77845522.06801236,17.53098098758636,5720180852.250475,6233681558.603164,513500706.3526888,8.97700124552292,8.55397974206344,False
REU,Reunion,Africa,2590.0692125564583,43.77495489082958,444117988.09313285,521968438.3692277,77850450.27609485,17.529226998967985,5727591925.064391,6241645923.829046,514053998.7646551,8.97504580441764,8.554181194550345,False
TTO,Trinidad and Tobago,North America,0.0,0.0,444120534.3873905,521971028.43844026,77850494.05104977,17.52913635448875,5726872249.878606,6240853872.267605,513981622.388999,8.974909862881855,8.554226491606894,False
TUN,Tunisia,Africa,0.0,0.0,444120534.3873905,521971028.43844026,77850494.05104977,17.52913635448875,5717809483.854633,6230973393.2041855,513163909.34955215,8.97483399540632,8.55430235908243,False
TJK,Tajikistan,Asia,628904.481513498,130980.14606939984,443622610.0519464,521342123.95692676,77719513.90498036,17.519286020133134,5724959351.344483,6238191944.231636,513232592.8871527,8.96482509987817,8.554460920254964,False
VIR,"Virgin Islands, U.S.",North America,0.0,0.0,444120534.3873905,521971028.43844026,77850494.05104977,17.52913635448875,5728190457.0862665,6242273213.072987,514082755.9867201,8.974610042002972,8.554526312485777,False
NOR,Norway,Europe,153.26660825267766,10.751248610193244,444120391.87203085,521970875.171832,77850483.29980117,17.529139558679184,5723204982.476735,6236839540.070333,513634557.5935974,8.974596562000484,8.5545429966787,False
MMR,Burma,Asia,527029.2456563389,35701.90669479867,443629207.04842895,521443999.19278395,77814792.144355,17.540502498037807,5684266268.389958,6195051167.378087,510784898.98812866,8.985942509917047,8.55455998812076,False
BRB,Barbados,North America,0.0,0.0,444120534.3873905,521971028.43844026,77850494.05104977,17.52913635448875,5728014198.915788,6242076179.002944,514061980.0871563,8.974523495148794,8.554612859339954,False
PYF,French Polynesia,Oceania,0.0,0.0,444120534.3873905,521971028.43844026,77850494.05104977,17.52913635448875,5728015571.8109045,6242076451.813052,514060880.0021477,8.974502138785702,8.554634215703047,False
CPV,Cabo Verde,Africa,1347.7902785800395,-138.8197903827563,444119047.7773215,521969680.6481617,77850632.87084019,17.529226287514245,5727828441.146313,6241876048.4640665,514047607.3177538,8.974563616903254,8.554662670610991,False
MHL,Marshall Islands,Oceania,0.0,0.0,444120534.3873905,521971028.43844026,77850494.05104977,17.52913635448875,5728242550.086642,6242320806.072857,514078255.98621464,8.974449868196293,8.554686486292455,False
VCT,Saint Vincent and the Grenadines,North America,0.0,0.0,444120534.3873905,521971028.43844026,77850494.05104977,17.52913635448875,5728185086.36131,6242257883.071308,514072796.70999813,8.974444592127353,8.554691762361395,False
BHS,The Bahamas,North America,0.0,0.0,444120534.3873905,521971028.43844026,77850494.05104977,17.52913635448875,5727909215.48642,6241956857.997509,514047642.5110893,8.974437673021601,8.554698681467148,False
MAF,Saint Martin,North America,0.0,0.0,444120534.3873905,521971028.43844026,77850494.05104977,17.52913635448875,5728254267.725744,6242332041.957183,514077774.23143864,8.974423100033581,8.554713254455168,False
NCL,New Caledonia,Oceania,0.0,0.0,444120534.3873905,521971028.43844026,77850494.05104977,17.52913635448875,5728009287.44056,6242064151.874049,514054864.43348885,8.97440696474819,8.554729389740558,False
LKA,Sri Lanka,Asia,191456.4443806482,7689.687593064038,443936767.6306029,521779571.9940596,77842804.36345673,17.534660347896494,5709393858.131896,6222092727.709824,512698869.5779276,8.979917699103733,8.554742648792761,False
MNP,Northern Mariana Islands,Oceania,0.0,0.0,444120534.3873905,521971028.43844026,77850494.05104977,17.52913635448875,5728240007.086527,6242313833.072883,514073825.9863558,8.974376516179214,8.554759838309534,False
TON,Tonga,Oceania,0.0,0.0,444120534.3873905,521971028.43844026,77850494.05104977,17.52913635448875,5728186199.491767,6242254711.369374,514068511.87760735,8.974368045564198,8.554768308924551,False
MWI,Malawi,Africa,349821.42946920975,80641.3637584832,443851354.3216798,521621207.00897104,77769852.68729126,17.52159860053684,5726328475.044955,6239798251.585197,513469776.5402422,8.96682365983574,8.554774940701101,False
GUM,Guam,Oceania,0.0,0.0,444120534.3873905,521971028.43844026,77850494.05104977,17.52913635448875,5728126652.086822,6242189321.07285,514062668.9860287,8.974359336114711,8.554777018374038,False
ASM,American Samoa,Oceania,0.0,0.0,444120534.3873905,521971028.43844026,77850494.05104977,17.52913635448875,5728238688.086476,6242311331.072876,514072642.98639965,8.974357930572305,8.554778423916444,False
LCA,Saint Lucia,North America,0.0,0.0,444120534.3873905,521971028.43844026,77850494.05104977,17.52913635448875,5728118012.34688,6242178431.91636,514060419.56947994,8.974333602440273,8.554802752048476,False
DMA,Dominica,North America,0.0,0.0,444120534.3873905,521971028.43844026,77850494.05104977,17.52913635448875,5728224110.471686,6242294024.44644,514069913.9747534,8.974333127696408,8.554803226792341,False
GRD,Grenada,North America,0.0,0.0,444120534.3873905,521971028.43844026,77850494.05104977,17.52913635448875,5728177726.728458,6242240744.699154,514063017.9706955,8.974285409686354,8.554850944802395,False
IMN,Isle of Man,Europe,0.0,0.0,444120534.3873905,521971028.43844026,77850494.05104977,17.52913635448875,5728208133.2260475,6242273583.779607,514065450.5535593,8.97428023908141,8.55485611540734,False
JEY,Jersey,Europe,0.0,0.0,444120534.3873905,521971028.43844026,77850494.05104977,17.52913635448875,5728190898.086271,6242253795.072816,514062896.9865446,8.974262662200864,8.554873692287885,False
COK,Cook Islands,Oceania,0.0,0.0,444120534.3873905,521971028.43844026,77850494.05104977,17.52913635448875,5728274379.086489,6242344229.07289,514069849.98640156,8.974253256150456,8.554883098338292,False
GRL,Greenland,North America,0.0,0.0,444120534.3873905,521971028.43844026,77850494.05104977,17.52913635448875,5728235885.086497,6242301924.0728655,514066038.9863682,8.97424703344956,8.55488932103919,False
ABW,Aruba,North America,0.0,0.0,444120534.3873905,521971028.43844026,77850494.05104977,17.52913635448875,5728188089.087539,6242249598.073961,514061508.98642254,8.974242831965196,8.554893522523553,False
BMU,Bermuda,North America,0.0,0.0,444120534.3873905,521971028.43844026,77850494.05104977,17.52913635448875,5728228375.086318,6242293119.072943,514064743.9866247,8.97423619181172,8.55490016267703,False
KNA,Saint Kitts and Nevis,North America,0.0,0.0,444120534.3873905,521971028.43844026,77850494.05104977,17.52913635448875,5728244790.634796,6242310847.770008,514066057.13521194,8.974233398259573,8.554902956229176,False
GGY,Guernsey,Europe,0.0,0.0,444120534.3873905,521971028.43844026,77850494.05104977,17.52913635448875,5728229656.086193,6242293329.072753,514063672.98655987,8.974215488032533,8.554920866456216,False
FSM,"Micronesia, Federated States of",Oceania,0.0,0.0,444120534.3873905,521971028.43844026,77850494.05104977,17.52913635448875,5728218795.706899,6242281356.644607,514062560.9377079,8.97421308911908,8.554923265369668,False
ATG,Antigua and Barbuda,North America,0.0,0.0,444120534.3873905,521971028.43844026,77850494.05104977,17.52913635448875,5728202820.344971,6242263775.028961,514060954.6839905,8.974210076120038,8.554926278368711,False
SMR,San Marino,Europe,0.0,0.0,444120534.3873905,521971028.43844026,77850494.05104977,17.52913635448875,5728261613.430626,6242327654.8661785,514066041.4355526,8.974206768599053,8.554929585889695,False
TUV,Tuvalu,Oceania,0.0,0.0,444120534.3873905,521971028.43844026,77850494.05104977,17.52913635448875,5728280933.747434,6242348186.280516,514067252.533082,8.974197642865605,8.554938711623144,False
WLF,Wallis and Futuna,Oceania,0.0,0.0,444120534.3873905,521971028.43844026,77850494.05104977,17.52913635448875,5728279644.08648,6242346485.072893,514066840.986413,8.97419247883793,8.55494387565082,False
PLW,Palau,Oceania,0.0,0.0,444120534.3873905,521971028.43844026,77850494.05104977,17.52913635448875,5728274480.986923,6242340390.689552,514065909.7026291,8.974184309933081,8.554952044555668,False
ESP,Canary Islands,Europe,0.0,0.0,444120534.3873905,521971028.43844026,77850494.05104977,17.52913635448875,5728231735.539793,6242293582.566655,514061847.02686214,8.974180353728656,8.554956000760093,False
PRT,Azores,Europe,0.0,0.0,444120534.3873905,521971028.43844026,77850494.05104977,17.52913635448875,5728276309.049351,6242342098.413581,514065789.36423016,8.974179345226856,8.554957009261893,False
MCO,Monaco,Europe,0.0,0.0,444120534.3873905,521971028.43844026,77850494.05104977,17.52913635448875,5728255327.803206,6242319138.514539,514063810.7113323,8.97417767354439,8.55495868094436,False
AX2,U.S. Naval Base Guantanamo Bay,North America,0.0,0.0,444120534.3873905,521971028.43844026,77850494.05104977,17.52913635448875,5728282690.635342,6242348786.957208,514066096.32186604,8.97417470618667,8.55496164830208,False
CXR,Christmas Island,Oceania,0.0,0.0,444120534.3873905,521971028.43844026,77850494.05104977,17.52913635448875,5728289793.088279,6242356476.699964,514066683.6116848,8.974173831637405,8.554962522851344,False
SPM,Saint Pierre and Miquelon,North America,0.0,0.0,444120534.3873905,521971028.43844026,77850494.05104977,17.52913635448875,5728285920.086486,6242352118.072888,514066197.9864025,8.974171421573194,8.554964932915555,False
PRT,Madeira Islands,Europe,0.0,0.0,444120534.3873905,521971028.43844026,77850494.05104977,17.52913635448875,5728283214.711795,6242349029.63198,514065814.9201851,8.97416897265002,8.554967381838729,False
MSR,Montserrat,North America,0.0,0.0,444120534.3873905,521971028.43844026,77850494.05104977,17.52913635448875,5728287183.086484,6242353347.072887,514066163.98640347,8.97416884935956,8.55496750512919,False
SHN,"Saint Helena, Ascension, and Tristan da Cunha",Africa,0.0,0.0,444120534.3873905,521971028.43844026,77850494.05104977,17.52913635448875,5728287202.430718,6242353277.106737,514066074.6760187,8.974167259942588,8.554969094546161,False
AIA,Anguilla,North America,0.0,0.0,444120534.3873905,521971028.43844026,77850494.05104977,17.52913635448875,5728277839.086451,6242343046.072912,514065206.98646164,8.974166781484975,8.554969573003774,False
ESP,Spain (Plazas de Soberania),Europe,0.0,0.0,444120534.3873905,521971028.43844026,77850494.05104977,17.52913635448875,5728284516.212309,6242350211.822846,514065695.6105375,8.974164850848771,8.554971503639978,False
WSM,Samoa,Oceania,0.0,0.0,444120534.3873905,521971028.43844026,77850494.05104977,17.52913635448875,5728093745.393976,6242142059.768523,514048314.374547,8.974160291770696,8.554976062718053,False
FLK,Falkland Islands (Islas Malvinas),South America,0.0,0.0,444120534.3873905,521971028.43844026,77850494.05104977,17.52913635448875,5728288500.257501,6242354249.248873,514065748.9913721,8.97415954116598,8.554976813322769,False
NIU,Niue,Oceania,0.0,0.0,444120534.3873905,521971028.43844026,77850494.05104977,17.52913635448875,5728290098.086485,6242355898.072878,514065799.986393,8.974157928176767,8.554978426311981,False
XPR,Paracel Islands,Asia,0.0,0.0,444120534.3873905,521971028.43844026,77850494.05104977,17.52913635448875,5728290320.191946,6242356138.998236,514065818.8062897,8.974157908760883,8.554978445727865,False
PCN,Pitcairn Islands,Oceania,0.0,0.0,444120534.3873905,521971028.43844026,77850494.05104977,17.52913635448875,5728291816.376743,6242357699.341,514065882.9642563,8.97415668480055,8.5549796696882,False
CCK,Cocos (Keeling) Islands,Oceania,0.0,0.0,444120534.3873905,521971028.43844026,77850494.05104977,17.52913635448875,5728291284.860103,6242357105.216083,514065820.3559799,8.974156424528514,8.554979929960234,False
XSV,Svalbard,Europe,0.0,0.0,444120534.3873905,521971028.43844026,77850494.05104977,17.52913635448875,5728291865.964152,6242357712.34691,514065846.38275814,8.974155968504123,8.554980385984626,False
QX2,DMZ - South Korea,Europe,0.0,0.0,444120534.3873905,521971028.43844026,77850494.05104977,17.52913635448875,5728291873.085137,6242357720.070892,514065846.98575497,8.974155967874765,8.554980386613984,False
QX2,DMZ - North Korea,Europe,0.0,0.0,444120534.3873905,521971028.43844026,77850494.05104977,17.52913635448875,5728291864.78232,6242357710.915847,514065846.1335268,8.97415596600474,8.554980388484008,False
XZZ,Sapodilla Cayes,North America,0.0,0.0,444120534.3873905,521971028.43844026,77850494.05104977,17.52913635448875,5728291864.739203,6242357710.346152,514065845.60694885,8.974155956879706,8.554980397609043,False
XXZ,Parsley Island,North America,0.0,0.0,444120534.3873905,521971028.43844026,77850494.05104977,17.52913635448875,5728291868.47218,6242357714.2667265,514065845.7945461,8.974155954306411,8.554980400182338,False
BES,Saba,North America,0.0,0.0,444120534.3873905,521971028.43844026,77850494.05104977,17.52913635448875,5728291850.754161,6242357693.558422,514065842.8042612,8.974155929862086,8.554980424626663,False
XQT,Corisco Bay Islands,Africa,0.0,0.0,444120534.3873905,521971028.43844026,77850494.05104977,17.52913635448875,5728291850.516395,6242357691.307987,514065840.7915926,8.974155895098999,8.55498045938975,False
SDN,Hala'ib Triangle,Africa,0.0,0.0,444120534.3873905,521971028.43844026,77850494.05104977,17.52913635448875,5728291691.322346,6242357489.353187,514065798.0308409,8.974155398014858,8.55498095647389,False
NFK,Norfolk Island,Oceania,0.0,0.0,444120534.3873905,521971028.43844026,77850494.05104977,17.52913635448875,5728289830.599753,6242355413.194378,514065582.5946245,8.974154552176381,8.554981802312367,False
XXX,Koalou / Kourou,Africa,0.0,0.0,444120534.3873905,521971028.43844026,77850494.05104977,17.52913635448875,5728291253.172918,6242356881.154968,514065627.98204994,8.974153115858195,8.554983238630554,False
NRU,Nauru,Oceania,0.0,0.0,444120534.3873905,521971028.43844026,77850494.05104977,17.52913635448875,5728281024.08654,6242345732.072964,514064707.9864235,8.974153080563967,8.554983273924782,False
XAA,Abu Musa and Tunb Islands,Asia,0.0,0.0,444120534.3873905,521971028.43844026,77850494.05104977,17.52913635448875,5728286467.648204,6242351663.784041,514065196.13583755,8.974153074207047,8.554983280281702,False
XQO,Lapthal-Bara Hoti,Asia,122.09915325551486,3.4478800231012485,444120415.73611724,521970906.339287,77850490.60316974,17.529140261236297,5728291873.086485,6242357720.072886,514065846.98640156,8.974155967883942,8.554984293352355,False
LIE,Liechtenstein,Europe,599.7273848364343,40.113552967392366,444119974.7735586,521970428.7110554,77850453.93749678,17.529149409951675,5728267010.241794,6242331055.185489,514064044.94369507,8.974163460337651,8.554985949614023,False
BES,Bonaire,North America,0.0,0.0,444120534.3873905,521971028.43844026,77850494.05104977,17.52913635448875,5728290421.835908,6242355744.396305,514065322.56039715,8.974149086450126,8.554987268038623,False
XQZ,Akrotiri,Asia,0.0,0.0,444120534.3873905,521971028.43844026,77850494.05104977,17.52913635448875,5728279277.455617,6242343528.915449,514064251.4598322,8.974147847207773,8.554988507280976,False
XXD,Dhekelia,Asia,0.0,0.0,444120534.3873905,521971028.43844026,77850494.05104977,17.52913635448875,5728278955.675789,6242343169.586897,514064213.911108,8.97414769582327,8.55498865866548,False
QX4,No Man's Land,Unassigned,0.0,0.0,444120534.3873905,521971028.43844026,77850494.05104977,17.52913635448875,5728285873.478852,6242350604.860675,514064731.3818226,8.974145891738209,8.55499046275054,False
TKL,Tokelau,Oceania,0.0,0.0,444120534.3873905,521971028.43844026,77850494.05104977,17.52913635448875,5728290159.086507,6242355160.072914,514065000.9864073,8.974143884296277,8.554992470192472,False
QX2,Germany-Luxembourg Condominium,Europe,0.0,0.0,444120534.3873905,521971028.43844026,77850494.05104977,17.52913635448875,5728265546.212311,6242328178.684247,514062632.4719362,8.974141096022493,8.554995258466256,False
BLM,Saint Barthelemy,North America,0.0,0.0,444120534.3873905,521971028.43844026,77850494.05104977,17.52913635448875,5728282359.086496,6242346382.07287,514064022.9863739,8.974139030890107,8.554997323598641,False
AND,Andorra,Europe,14024.849411918498,1994.4216594508762,444108503.959638,521957003.58902836,77848499.62939036,17.529162115856597,5728291873.086485,6242357720.072886,514065846.98640156,8.974155967883942,8.555006147972655,False
FRO,Faroe Islands,Europe,0.0,0.0,444120534.3873905,521971028.43844026,77850494.05104977,17.52913635448875,5728243286.269266,6242302009.302056,514058723.0327902,8.97410772103554,8.555028633453208,False
GEO,Georgia,Asia,94398.05110634655,392.9215329763101,444026529.25781715,521876630.3873339,77850101.12951678,17.532758968172896,5725898219.63994,6239953683.090019,514055463.45007896,8.977726179044868,8.555032789128028,False
VGB,"Virgin Islands, British",North America,0.0,0.0,444120534.3873905,521971028.43844026,77850494.05104977,17.52913635448875,5728258406.086584,6242318105.072927,514059698.9863434,8.974101071280709,8.55503528320804,False
SXM,Sint Maarten,North America,0.0,0.0,444120534.3873905,521971028.43844026,77850494.05104977,17.52913635448875,5728254965.447204,6242314267.188569,514059301.74136543,8.974099526682519,8.55503682780623,False
GIB,Gibraltar,Europe,0.0,0.0,444120534.3873905,521971028.43844026,77850494.05104977,17.52913635448875,5728258862.086436,6242317981.072808,514059118.986372,8.974090231654323,8.555046122834426,False
BES,Sint Eustatius,North America,0.0,0.0,444120534.3873905,521971028.43844026,77850494.05104977,17.52913635448875,5728268794.214669,6242328776.537633,514059982.3229637,8.974089743172396,8.555046611316353,False
CUW,Curacao,North America,0.0,0.0,444120534.3873905,521971028.43844026,77850494.05104977,17.52913635448875,5728125965.086742,6242172217.073076,514046251.98633385,8.974073809121435,8.555062545367313,False
SUR,Suriname,South America,0.0,0.0,444120534.3873905,521971028.43844026,77850494.05104977,17.52913635448875,5727713783.513342,6241721100.812787,514007317.29944515,8.974039847782974,8.555096506705775,False
BRN,Brunei,Asia,0.0,0.0,444120534.3873905,521971028.43844026,77850494.05104977,17.52913635448875,5727872472.847375,6241893261.78884,514020788.9414654,8.974026418677251,8.555109935811497,False
TCA,Turks and Caicos Islands,North America,0.0,0.0,444120534.3873905,521971028.43844026,77850494.05104977,17.52913635448875,5728256207.086518,6242311021.072889,514054813.98637104,8.974019237310397,8.555117117178352,False
CYM,Cayman Islands,North America,0.0,0.0,444120534.3873905,521971028.43844026,77850494.05104977,17.52913635448875,5728230962.086518,6242282561.072853,514051598.9863348,8.974002661357261,8.555133693131488,False
GUY,Guyana,South America,11.168233802600298,0.5724172821755928,444120523.791574,521971017.27020645,77850493.47863245,17.529136643810617,5727541819.771991,6241531309.468027,513989489.69603634,8.973998023405054,8.555138620405563,False
SWZ,Eswatini,Africa,7918.592676407425,749.2679425089973,444113365.0626566,521963109.84576386,77849744.78310728,17.52925061647808,5727876170.567938,6241901732.387695,514025561.81975746,8.9741039525439,8.555146663934181,False
SWE,Sweden,Europe,0.9452288303491878,0.07297388895313195,444120533.5151355,521971027.49321145,77850493.97807592,17.52913637248497,5718569173.44609,6231752056.858619,513182883.412529,8.973973521129547,8.555162851355423,False
MNE,Montenegro,Europe,4190.63910336563,-452.00555683254333,444115891.7427303,521966837.7993369,77850946.05660659,17.529421374928976,5727931385.758976,6241965637.834853,514034252.0758772,8.974169162603637,8.555252212325339,False
SYC,Seychelles,Africa,0.0,0.0,444120534.3873905,521971028.43844026,77850494.05104977,17.52913635448875,5728186067.074106,6242226246.361211,514040179.2871046,8.973873635876332,8.555262718612417,False
XQR,Congo River Islands,Africa,0.0,0.0,444120534.3873905,521971028.43844026,77850494.05104977,17.52913635448875,5728226936.008568,6242270217.512341,514043281.50377274,8.973863767030823,8.555272587457926,False
STP,Sao Tome and Principe,Africa,0.0,0.0,444120534.3873905,521971028.43844026,77850494.05104977,17.52913635448875,5728095988.038081,6242123019.792219,514027031.754138,8.97378523033788,8.555351124150869,False
GUF,French Guiana,South America,0.0,0.0,444120534.3873905,521971028.43844026,77850494.05104977,17.52913635448875,5728028140.898964,6242046782.534778,514018641.6358137,8.97374504789257,8.555391306596178,False
XQN,Abyei,Africa,0.0,0.0,444120534.3873905,521971028.43844026,77850494.05104977,17.52913635448875,5728210650.742678,6242239551.027844,514028900.28516674,8.973638220139854,8.555498134348895,False
KIR,Kiribati,Oceania,0.0,0.0,444120534.3873905,521971028.43844026,77850494.05104977,17.52913635448875,5728265528.591468,6242294033.500637,514028504.9091692,8.97354534882332,8.555591005665429,False
BLZ,Belize,North America,0.0,0.0,444120534.3873905,521971028.43844026,77850494.05104977,17.52913635448875,5727939557.6725,6241937991.909307,513998434.23680687,8.973531041337765,8.555605313150984,False
ISL,Iceland,Europe,4.448150009187543,0.9296020025350344,444120530.8688425,521971023.9902902,77850493.12144774,17.52913628405045,5727964239.589539,6241963606.761216,513999367.1716776,8.973508661578347,8.555627622472102,False
CYP,Cyprus,Asia,54.91044895731035,6.359482925985127,444120485.83642447,521970973.5279913,77850487.69156682,17.529136838835264,5727132372.530768,6241050673.325351,513918300.79458237,8.973396586038511,8.555740252796753,False
VUT,Vanuatu,Oceania,0.0,0.0,444120534.3873905,521971028.43844026,77850494.05104977,17.52913635448875,5728030061.63311,6242027823.48699,513997761.8538799,8.973377519379408,8.55575883510934,False
MAC,Macau,Asia,0.0,0.0,444120534.3873905,521971028.43844026,77850494.05104977,17.52913635448875,5727675741.260173,6241636096.3626175,513960355.10244465,8.973279534664542,8.555856819824207,False
DJI,Djibouti,Africa,3202.56479449973,568.4773145107501,444117900.2999105,521967825.8736458,77849925.5737353,17.529112319310627,5727462681.3819275,6241391638.024603,513928956.6426754,8.973065129054218,8.55604719025641,False
LUX,Luxembourg,Europe,0.0,0.0,444120534.3873905,521971028.43844026,77850494.05104977,17.52913635448875,5727736818.105759,6241690248.696644,513953430.59088516,8.97306295509675,8.556073399391998,False
MLT,Malta,Europe,0.0,0.0,444120534.3873905,521971028.43844026,77850494.05104977,17.52913635448875,5727852753.033328,6241815518.116566,513962765.08323765,8.973044302004023,8.556092052484725,False
SSD,South Sudan,Africa,48038.7003428543,872.2689743274677,444073367.95602196,521922989.7380974,77849621.78207546,17.530801754764354,5719920972.222783,6233262167.5655985,513341195.3428154,8.974620415836428,8.556181338927926,False
MYT,Mayotte,Africa,0.0,0.0,444120534.3873905,521971028.43844026,77850494.05104977,17.52913635448875,5728051344.086547,6242025961.072781,513974616.9862337,8.972940117180414,8.556196237308335,False
MDV,Maldives,Asia,0.0,0.0,444120534.3873905,521971028.43844026,77850494.05104977,17.52913635448875,5727871336.3016405,6241828961.148169,513957624.84652805,8.97292544944592,8.556210905042828,False
TLS,Timor-Leste,Asia,34137.73909307562,5070.074766809226,444091466.72306424,521936890.6993472,77845423.97628295,17.529142037045133,5727505487.874463,6241428878.280113,513923390.40565014,8.97290088143368,8.556241155611453,False
ZWE,Zimbabwe,Africa,1143476.0749735616,169590.72124955687,443146649.0336665,520827552.3634667,77680903.32980019,17.529389762777754,5727535737.325156,6241470712.513202,513934975.1880455,8.973055756576748,8.556334006201006,False
COM,Comoros,Africa,10.111688895609404,1.7533488881563244,444120526.02905047,521971018.32675135,77850492.29770088,17.529136289595538,5727663328.52209,6241592986.989292,513929658.4672022,8.972763044712888,8.55637324488265,False
AUT,Austria,Europe,52640.26769252576,-1583.4658133813646,444066310.6538846,521918388.17074776,77852077.51686317,17.531633373003803,5722199545.769342,6235774692.698724,513575146.9293814,8.9751352224179,8.556498150585902,False
CHE,Switzerland,Europe,113842.03033477294,8937.57230413289,444015629.92935985,521857186.4081055,77841556.47874564,17.53126494468894,5723395834.92964,6237043290.420163,513647455.49052334,8.974522648874903,8.556742295814036,False
XWB,West Bank,Asia,0.0,0.0,444120534.3873905,521971028.43844026,77850494.05104977,17.52913635448875,5727279576.707047,6241146085.650077,513866508.9430294,8.972261648146777,8.556874706341972,False
SLB,Solomon Islands,Oceania,0.0,0.0,444120534.3873905,521971028.43844026,77850494.05104977,17.52913635448875,5727670477.560994,6241537145.1650915,513866667.60409737,8.971652081195085,8.557484273293664,False
JOR,Jordan,Asia,17046.752237667264,3191.1967696954707,444106678.83192253,521953981.6862026,77847302.85428005,17.528964675566677,5727250540.92193,6241050011.612468,513799470.69053745,8.971136621654233,8.557828053912443,False
BHR,Bahrain,Asia,0.0,0.0,444120534.3873905,521971028.43844026,77850494.05104977,17.52913635448875,5726949719.085599,6240731427.0724325,513781707.9868336,8.97129769228823,8.557838662200519,False
DOM,Dominican Republic,North America,7936.478196181178,459.7231466896965,444113057.632341,521963091.96024406,77850034.32790303,17.52932794701821,5718416642.2586,6231431477.560847,513014835.30224705,8.9712741724888,8.55805377452941,False
IRL,Ireland,Europe,0.0,0.0,444120534.3873905,521971028.43844026,77850494.05104977,17.52913635448875,5723615057.798924,6237076201.5667095,513461143.7677851,8.970923770775771,8.558212583712978,False
CAF,Central African Republic,Africa,0.0,0.0,444120534.3873905,521971028.43844026,77850494.05104977,17.52913635448875,5725817051.227806,6239435405.713495,513618354.48568916,8.97021944449923,8.558916909989518,False
NIC,Nicaragua,North America,2387.9959236942227,273.9667450599545,444118420.3582119,521968640.44251657,77850220.08430469,17.529158106415213,5723678469.591722,6237098443.641059,513419974.0493374,8.970105095472988,8.559053010942225,False
GNQ,Equatorial Guinea,Africa,331.17603954504557,123.59314048614942,444120326.80449146,521970697.26240075,77850370.45790929,17.529116718897715,5727317468.989265,6241050547.600828,513733078.6115627,8.969872569369276,8.559244149528439,False
PAN,Panama,North America,14087.100632209751,1853.3554515233664,444108300.6422098,521956941.3378081,77848640.69559824,17.529201904811053,5724546430.914935,6238022090.758159,513475659.8432236,8.969717794063843,8.55948411074721,False
NZL,New Zealand,Oceania,203.32535066302694,26.612400686024614,444120357.6744405,521970825.1130896,77850467.43864912,17.529137337072235,5723745673.032014,6237145279.210846,513399606.17883205,8.969643927363236,8.559493409708999,False
CRI,Costa Rica,North America,256107.3292085823,16667.919273840846,443881094.97745574,521714921.1092317,77833826.13177598,17.534836921975483,5726713147.528372,6240663550.753269,513950403.2248974,8.974614058444965,8.560222863530518,False
PRY,Paraguay,South America,0.0,0.0,444120534.3873905,521971028.43844026,77850494.05104977,17.52913635448875,5722317437.224894,6235545500.318543,513228063.09364986,8.96888487442154,8.560251480067208,False
GNB,Guinea-Bissau,Africa,0.0,0.0,444120534.3873905,521971028.43844026,77850494.05104977,17.52913635448875,5726528656.36217,6240133050.34867,513604393.9864998,8.968860976813337,8.560275377675412,False
LBY,Libya,Africa,0.0,0.0,444120534.3873905,521971028.43844026,77850494.05104977,17.52913635448875,5722432310.383326,6235653927.896229,513221617.5129032,8.96859219429586,8.560544160192888,False
MNG,Mongolia,Asia,688852.1081668761,81532.12966166053,443513214.4088853,521282176.3302734,77768961.92138809,17.5347564390023,5728291873.086485,6242357720.072886,514065846.98640156,8.974155967883942,8.56060047111836,False
GAB,Gabon,Africa,0.0,0.0,444120534.3873905,521971028.43844026,77850494.05104977,17.52913635448875,5726581456.023289,6240155311.562838,513573855.5395489,8.968245007662741,8.560891346826008,False
XGZ,Gaza Strip,Asia,0.0,0.0,444120534.3873905,521971028.43844026,77850494.05104977,17.52913635448875,5726534136.062369,6240089884.630185,513555748.5678158,8.968002920540393,8.561133433948356,False
LAO,Laos,Asia,7360.729625297551,682.4962432162893,444113856.1540084,521963667.708815,77849811.55480659,17.529246267833194,5723290189.136934,6236551084.1439,513260895.00696564,8.96793414356585,8.561312124267344,False
CHL,Chile,South America,252522.90235068154,23419.525446477084,443891431.0104863,521718505.5360896,77827074.5256033,17.532907618521868,5716848071.985196,6229729119.534735,512881047.5495386,8.971395445382875,8.561512173138993,False
GMB,The Gambia,Africa,0.0,0.0,444120534.3873905,521971028.43844026,77850494.05104977,17.52913635448875,5726096770.732676,6239566164.798913,513469394.06623745,8.967179819431118,8.56195653505763,False
HND,Honduras,North America,449195.4822124254,69531.94599155436,443740870.85116965,521521832.95622784,77780962.1050582,17.528464744719418,5724069588.993571,6237310016.543358,513240427.54978657,8.966355484857523,8.562109259861895,False
HTI,Haiti,North America,90306.90298106686,11293.953861375529,444041521.4382708,521880721.5354592,77839200.09718841,17.52971205149097,5719408509.427056,6232275110.505812,512866601.0787554,8.967126587188504,8.562585464302467,False
BTN,Bhutan,Asia,410193.80601780856,29576.123965961568,443739916.70533866,521560834.63242245,77820917.92708379,17.537506768578595,5728165615.541232,6242221717.340505,514056101.79927254,8.974183644491246,8.563323124087349,False
ERI,Eritrea,Africa,1645256.2982358912,215338.79270810657,442690616.8818627,520325772.14020437,77635155.25834167,17.537113346827393,5727745325.951874,6241723474.662765,513978148.71089077,8.97348117735096,8.563632169476433,False
QAT,Qatar,Asia,0.0,0.0,444120534.3873905,521971028.43844026,77850494.05104977,17.52913635448875,5725964960.867462,6239273323.26995,513308362.40248775,8.964573934883518,8.564562419605231,False
MDG,Madagascar,Africa,2156085.259807727,461223.1489539314,442425672.2765367,519814943.17863256,77389270.90209585,17.49203894608628,5715738781.579385,6225991748.984317,510252967.404932,8.92715687164307,8.564882074443208,False
LBR,Liberia,Africa,0.0,0.0,444120534.3873905,521971028.43844026,77850494.05104977,17.52913635448875,5723831425.6481,6236856347.730411,513024922.0823107,8.962963510481472,8.566172844007276,False
GTM,Guatemala,North America,7711747.516611457,1128861.6655753702,437537648.5363544,514259280.9218288,76721632.38547438,17.53486417503103,5724361675.251532,6237752868.833866,513391193.5823345,8.96853173694298,8.566332438088049,False
ISR,Israel,Asia,14.342301300478084,2.6160033118303545,444120522.6610925,521971014.09613895,77850491.43504643,17.52913622828774,5721050547.693486,6233773364.402007,512722816.7085209,8.962039619021223,8.567096609266518,False
KAZ,Kazakhstan,Asia,88015.32576392773,11638.822608455579,444044157.884235,521883013.1126763,77838855.2284413,17.529530306022934,5717207905.481362,6229564683.745951,512356778.26458836,8.96166077454289,8.567869531480044,False
CAN,Canada,North America,6120.649471171125,581.4445360196523,444114995.18245536,521964907.7889691,77849912.60651374,17.529224063810485,5697995962.044726,6208545236.865526,510549274.8207998,8.960155082973928,8.569068980836557,False
OMN,Oman,Asia,16817.30548217387,4383.652548903241,444108100.7344572,521954211.1329581,77846110.39850092,17.5286400472679,5724666651.916049,6237558637.690396,512891985.7743473,8.959333651378323,8.569306395889576,False
KHM,Cambodia,Asia,0.0,0.0,444120534.3873905,521971028.43844026,77850494.05104977,17.52913635448875,5712800573.802596,6224635239.287511,511834665.4849148,8.959435199472116,8.569701155016633,False
TKM,Turkmenistan,Asia,450.8522075354365,79.26740545322781,444120162.8025884,521970577.5862327,77850414.78364432,17.52913317251234,5722206780.300237,6234872048.468094,512665268.16785717,8.959223038440395,8.569910134071943,False
COG,Congo (Brazzaville),Africa,0.0,0.0,444120534.3873905,521971028.43844026,77850494.05104977,17.52913635448875,5723582704.950392,6236361431.286541,512778726.3361492,8.959051572586539,8.57008478190221,False
AUS,Australia,Oceania,1151.6421631509797,135.1623266069072,444119517.907554,521969876.7962771,77850358.88872313,17.52914604057733,5705703547.767566,6216843982.296386,511140434.52882004,8.95841205645552,8.57073398412181,False
KWT,Kuwait,Asia,0.0,0.0,444120534.3873905,521971028.43844026,77850494.05104977,17.52913635448875,5724549426.595677,6237374239.316956,512824812.7212782,8.958343696688965,8.570792657799783,False
VNM,Vietnam,Asia,204808.00236017507,18765.465895564907,443934491.85092586,521766220.4360801,77831728.58515424,17.532255324573946,5642377232.416704,6148004600.924844,505627368.5081396,8.96124714248453,8.571008182089416,False
MRT,Mauritania,Africa,0.0,0.0,444120534.3873905,521971028.43844026,77850494.05104977,17.52913635448875,5724381896.752866,6237110228.062246,512728331.30938053,8.956920424897294,8.572215929591454,False
ARM,Armenia,Asia,704995.5278953613,37877.341024718946,443453416.20051986,521266032.9105449,77812616.71002501,17.546965220545253,5728285503.423284,6242351553.876369,514066050.4530859,8.974169498812072,8.572795721733181,False
SLE,Sierra Leone,Africa,14.487388141973438,0.583161724640398,444120520.4831641,521971013.9510521,77850493.46788806,17.529136771972066,5721430873.481541,6233745419.316322,512314545.83478165,8.954308059708039,8.574828712264027,False
LSO,Lesotho,Africa,2315760.774908073,254435.09957726602,442059208.7120597,519655267.6635322,77596058.95147252,17.553318067402955,5728291873.086485,6242357720.072886,514065846.98640156,8.974155967883942,8.579162099519014,False
TGO,Togo,Africa,0.0,0.0,444120534.3873905,521971028.43844026,77850494.05104977,17.52913635448875,5721001181.450245,6233021960.656379,512020779.20613384,8.94984571697535,8.579290637513399,False
BOL,Bolivia,South America,3299058.728362091,413775.02341534756,441235250.68244374,518671969.7100782,77436719.02763444,17.549984709486758,5724302612.717895,6237796186.42637,513493573.7084751,8.97041278998122,8.579571919505538,False
MAR,Morocco,Africa,1129857.9115402144,109918.57377094135,443100595.0496212,520841170.52690005,77740575.47727883,17.54467864539269,5704412735.277069,6215734571.268409,511321835.9913397,8.96361921410836,8.581059431284329,False
GIN,Guinea,Africa,61.77377939259168,11.112603083020076,444120483.7262142,521970966.6646609,77850482.9384467,17.529135851891713,5719853754.194671,6231512894.384542,511659140.1898718,8.945318572431072,8.583817279460641,False
BGD,Bangladesh,Asia,0.0,0.0,444120534.3873905,521971028.43844026,77850494.05104977,17.52913635448875,5569532239.173161,6067648541.248365,498116302.07520485,8.943593118497757,8.585543235990992,False
ARE,United Arab Emirates,Asia,47.02336018352071,10.816564695094712,444120498.180595,521970981.4150801,77850483.23448509,17.529135348044296,5719834269.358187,6231145737.667508,511311468.3093214,8.93927068916098,8.589864658883316,False
MYS,Malaysia,Asia,13428.086022069512,1929.8337549985536,444109036.13512343,521957600.3524182,77848564.21729475,17.529155653930165,5697522472.585782,6206806530.572303,509284057.98652077,8.938693273032158,8.590462380898007,False
SYR,Syria,Asia,73882.42710503555,13975.063831625164,444060627.0241171,521897146.01133525,77836518.98721814,17.52835406931739,5716411686.441438,6227174252.583444,510762566.1420059,8.93502067658049,8.593333392736902,False
DZA,Algeria,Africa,42975.091164471254,7197.051083885992,444084756.3473099,521928053.3472758,77843296.9999659,17.528927955159578,5706165812.040686,6216030787.97513,509864975.9344444,8.935334035659618,8.593593919499959,False
CMR,Cameroon,Africa,1392144.0101753706,228359.29817768908,442956749.6753928,520578884.4282649,77622134.75287211,17.523637422785654,5718269824.832761,6228901777.702541,510631952.86978054,8.929833122813765,8.59380429997189,False
PHL,Philippines,Asia,188577.6293651193,18902.516719266627,443950859.27474463,521782450.8090751,77831591.53433049,17.531578080844174,5628268707.894911,6131113997.128764,502845289.23385334,8.934280066061877,8.597298014782297,False
BEN,Benin,Africa,0.0,0.0,444120534.3873905,521971028.43844026,77850494.05104977,17.52913635448875,5717150711.729871,6227789204.4653,510638492.7354288,8.93169549803458,8.597440856454169,False
UZB,Uzbekistan,Asia,56416.84039542789,10627.979707071077,444074745.52670217,521914611.5980448,77839866.07134265,17.528550509896572,5706473746.5650015,6216085389.697317,509611643.13231564,8.930412471258196,8.598138038638377,False
SOM,Somalia,Africa,320033.465792082,92492.71574886239,443892993.6373473,521650994.9726482,77758001.33530092,17.517285122735647,5717695381.147275,6227286456.772771,509591075.6254959,8.912525793272406,8.60475932946324,False
SEN,Senegal,Africa,0.0,0.0,444120534.3873905,521971028.43844026,77850494.05104977,17.52913635448875,5713930909.167397,6223657768.467135,509726859.2997389,8.92077393658954,8.608362417899208,False
IDN,Indonesia,Asia,2504829.450478463,210862.05434857635,441826566.9912606,519466198.9879618,77639631.99670124,17.5724227099809,5502590355.011659,5995600910.5834055,493010555.5717468,8.959608543687462,8.612814166293436,False
BFA,Burkina Faso,Africa,0.0,0.0,444120534.3873905,521971028.43844026,77850494.05104977,17.52913635448875,5709904856.316653,6218694724.748665,508789868.4320116,8.910654051777351,8.618482302711397,False
USA,United States,North America,8366529.55851055,516471.5841724342,436270476.4130524,513604498.8799297,77334022.46687734,17.72616453506219,5432934316.745573,5927569455.676539,494635138.9309664,9.104382826907834,8.621781708154355,False
GHA,Ghana,Africa,0.0,0.0,444120534.3873905,521971028.43844026,77850494.05104977,17.52913635448875,5700005209.6111145,6207711040.598028,507705830.9869137,8.907111701070745,8.622024653418004,False
TUR,Turkey,Asia,3967042.801037252,388261.7763392795,440541753.36269253,518003985.637403,77462232.27471048,17.583403090271172,5682005983.936491,6191057018.475969,509051034.5394783,8.959002084450605,8.624401005820568,False
ECU,Ecuador,South America,6897770.511115897,781702.4889438022,438004466.3652184,515073257.92732435,77068791.56210595,17.595435088062363,5719326195.600139,6232245974.468975,512919778.8688364,8.96818543526026,8.627249652802103,False
PER,Peru,South America,7277444.236381404,871375.8699612077,437714466.0209703,514693584.20205885,76979118.18108857,17.58660591706389,5709919645.128772,6221476573.645226,511556928.51645374,8.959091551364851,8.627514365699037,False
NPL,Nepal,Asia,3472154.5441044946,223922.7381787342,440872302.5814647,518498873.89433575,77626571.31287104,17.6074956077621,5713189340.0403805,6226219789.794156,513030449.7537756,8.979755775959449,8.627739831802652,False
TCD,Chad,Africa,1848.8102655946338,610.9991410240066,444119296.57626593,521969179.62817466,77849883.05190873,17.52904763473614,5716216250.240248,6225005796.867976,508789546.62772846,8.900809982588473,8.628237652147668,False
SAU,Saudi Arabia,Asia,2344715.1531383083,125882.49302023649,441901701.72727245,519626313.285302,77724611.55802953,17.58866536476899,5714880264.454157,6226811537.9947815,511931273.5406246,8.95786525440915,8.63080011035984,False
MOZ,Mozambique,Africa,46609.5891820865,11497.792768676016,444085422.5909771,521924418.8492582,77838996.25828111,17.527933208015785,5708996678.716427,6216451699.547515,507455020.83108807,8.88869006918359,8.639243138832194,False
MLI,Mali,Africa,0.0,0.0,444120534.3873905,521971028.43844026,77850494.05104977,17.52913635448875,5710091432.069031,6217657978.666174,507566546.5971432,8.88893904126555,8.640197313223199,False
CIV,Cote d'Ivoire,Africa,0.0,0.0,444120534.3873905,521971028.43844026,77850494.05104977,17.52913635448875,5703729033.353543,6210447463.806661,506718430.4531174,8.883984977021061,8.645151377467688,False
ZAF,South Africa,Africa,13756307.539837282,1775551.9052131008,432139778.7527663,508214720.89860296,76074942.14583665,17.604244248331575,5711497446.419714,6223078095.847266,511580649.4275522,8.957031920731044,8.647212327600531,False
IRQ,Iraq,Asia,18194.28863452191,3283.905707252099,444105624.0044632,521952834.1498057,77847210.14534253,17.528985434456054,5694548317.188399,6200004296.386228,505455979.1978283,8.876138212264566,8.652847222191488,False
SDN,Sudan,Africa,147612.864205264,36082.17903705145,444009003.7022223,521823415.574235,77814411.87201273,17.525413048650588,5703267389.450842,6209218933.127694,505951543.6768522,8.871257634048426,8.654155414602162,False
NER,Niger,Africa,5710.888664393383,909.2977597907293,444115732.7964859,521965317.5497759,77849584.75329,17.529121128650544,5709308953.138068,6215707093.724796,506398140.5867281,8.86969236983385,8.659428758816695,False
EGY,Egypt,Africa,2714.421737294942,467.4529818367387,444118287.418635,521968314.01670295,77850026.59806794,17.529119787108634,5629731912.05696,6124883212.36323,495151300.30626965,8.79529093109789,8.733828856010744,False
COL,Colombia,South America,22092817.895883508,2661103.65686661,424688820.1483736,499878210.54255676,75189390.39418316,17.70458435141152,5711324536.200193,6223071526.735117,511746990.53492355,8.960215573310677,8.744368778100842,False
PAK,Pakistan,Asia,13243946.948534925,1922875.214909494,432799462.6537651,508727081.48990536,75927618.83614028,17.543371789461197,5550458109.927198,6033703015.651053,483244905.723855,8.706396772179106,8.836975017282091,False
IRN,Iran,Asia,24288631.539928496,2618391.132750999,422450293.980213,497682396.89851177,75232102.91829878,17.8085100165234,5711325020.153594,6223328387.132264,512003366.9786701,8.96470372762818,8.84380628889522,False
NGA,Nigeria,Africa,212425.40963877164,41867.15041267921,443949976.1281644,521758603.0288015,77808626.90063709,17.526440158693564,5566765456.72994,6040708008.762401,473942552.0324602,8.51378696868731,9.012653190006255,False
IND,India,Asia,13560865.460426722,915172.8531358931,431474841.7800997,508410162.9780135,76935321.19791383,17.830778007938587,4613294422.734188,5008651637.178682,395357214.44449425,8.569954098229344,9.260823909709243,False
CHN,China,Asia,66806109.5053782,1198079.0360878557,378512503.9181001,455164918.9330621,76652415.01496196,20.250959802254638,4602947135.449909,5096587764.756981,493640629.3070717,10.724447072295593,9.526512729959045,False
MEX,Mexico,North America,70139077.6594933,5846474.872264683,379827931.6001619,451831950.778947,72004019.17878509,18.957010053326577,5692045128.695456,6202815784.758237,510770656.06278133,8.973411919870767,9.98359813345581,False
