iso3,country_name,elevation_group,pop_total_2015,pop_total_2025,pop_total_change_2015_2025,pop_total_pct_change_2015_2025,growth_percent,elevation_label
AFG,Afghanistan,1500-2499m,13369697.063332971,17179758.944219485,3810061.8808865137,28.497742789818247,28.497742789818247,"1,500-2,499 m"
AFG,Afghanistan,2500-3499m,1884823.1847774917,2240030.0975401057,355206.91276261397,18.845635793924462,18.845635793924462,"2,500-3,499 m"
AGO,Angola,1500-2499m,4792861.0141123235,6660610.80152315,1867749.7874108264,38.96941267254228,38.96941267254228,"1,500-2,499 m"
ALB,Albania,1500-2499m,2381.7370964787146,1952.024489814472,-429.7126066642427,-18.041983193676263,-18.041983193676263,"1,500-2,499 m"
AND,Andorra,1500-2499m,12024.607764287408,14018.36777749795,1993.7600132105417,16.58066568401447,16.58066568401447,"1,500-2,499 m"
ARG,Argentina,1500-2499m,187205.74780824373,198057.7635245273,10852.015716283582,5.796838955713787,5.796838955713787,"1,500-2,499 m"
ARG,Argentina,2500-3499m,70950.90729812671,75162.01145260179,4211.104154475077,5.935236510479776,5.935236510479776,"2,500-3,499 m"
ARM,Armenia,1500-2499m,666660.183933051,704523.6151618821,37863.43122883118,5.679569913032874,5.679569913032874,"1,500-2,499 m"
ARM,Armenia,2500-3499m,458.00293759136133,471.9127334792904,13.909795887929079,3.037053858449191,3.037053858449191,"2,500-3,499 m"
AUS,Australia,1500-2499m,1016.4798365440726,1151.6421631509797,135.1623266069072,13.297098648453792,13.297098648453792,"1,500-2,499 m"
AUT,Austria,1500-2499m,53017.111902507735,51483.34511348352,-1533.7667890242155,-2.892965561467462,-2.892965561467462,"1,500-2,499 m"
AUT,Austria,2500-3499m,1206.6216033994783,1156.922579042322,-49.699024357156304,-4.118857495766414,-4.118857495766414,"2,500-3,499 m"
AZE,Azerbaijan,1500-2499m,75061.78405358685,80031.97798557443,4970.193931987582,6.6214705587590945,6.6214705587590945,"1,500-2,499 m"
AZE,Azerbaijan,2500-3499m,30.291040996054193,32.08014642982972,1.789105433775525,5.906384775645642,5.906384775645642,"2,500-3,499 m"
BDI,Burundi,1500-2499m,6403911.123055332,7913576.091913872,1509664.96885854,23.574108694660843,23.574108694660843,"1,500-2,499 m"
BGR,Bulgaria,1500-2499m,5669.183937276221,5296.9559778072535,-372.22795946896713,-6.565812003760904,-6.565812003760904,"1,500-2,499 m"
BIH,Bosnia and Herzegovina,1500-2499m,1708.5464261514503,1544.7825320494785,-163.7638941019718,-9.584983562363867,-9.584983562363867,"1,500-2,499 m"
BOL,Bolivia,1500-2499m,601298.0843651412,687769.3522319003,86471.2678667591,14.38076556622605,14.38076556622605,"1,500-2,499 m"
BOL,Bolivia,2500-3499m,2283985.620581604,2611289.3761301925,327303.75554858847,14.330377240520562,14.330377240520562,"2,500-3,499 m"
BRA,Brazil,1500-2499m,64898.772649193845,66925.15616341711,2026.3835142232638,3.1223757114433424,3.1223757114433424,"1,500-2,499 m"
BTN,Bhutan,1500-2499m,296829.9144617216,319956.51484926016,23126.60038753855,7.791195988273916,7.791195988273916,"1,500-2,499 m"
BTN,Bhutan,2500-3499m,83787.76759012546,90237.29116854847,6449.523578423017,7.697452461047674,7.697452461047674,"2,500-3,499 m"
CAN,Canada,1500-2499m,5512.208694517552,6091.810026842124,579.6013323245716,10.514865536586877,10.514865536586877,"1,500-2,499 m"
CAN,Canada,2500-3499m,26.99624063392286,28.83944432900376,1.843203695080902,6.8276310026840346,6.8276310026840346,"2,500-3,499 m"
CHE,Switzerland,1500-2499m,102036.85160624224,110737.32428060986,8700.472674367615,8.526794523161621,8.526794523161621,"1,500-2,499 m"
CHE,Switzerland,2500-3499m,2867.6064243978644,3104.7060541631145,237.09962976525003,8.268206813458923,8.268206813458923,"2,500-3,499 m"
CHL,Chile,1500-2499m,198502.1017529849,219039.95528833332,20537.853535348433,10.34641616082516,10.34641616082516,"1,500-2,499 m"
CHL,Chile,2500-3499m,30601.27515121966,33482.947062348314,2881.6719111286548,9.416836053035526,9.416836053035526,"2,500-3,499 m"
CHN,China,1500-2499m,60928995.134824164,62042579.82570511,1113584.6908809468,1.8276761144949096,1.8276761144949096,"1,500-2,499 m"
CHN,China,2500-3499m,4679035.334466286,4763529.679673203,84494.34520691726,1.805806948806791,1.805806948806791,"2,500-3,499 m"
CMR,Cameroon,1500-2499m,1162055.7353707727,1390166.2019606058,228110.46658983314,19.629907554911796,19.629907554911796,"1,500-2,499 m"
CMR,Cameroon,2500-3499m,1728.976626908925,1977.8082147650446,248.83158785611954,14.391842202111324,14.391842202111324,"2,500-3,499 m"
COD,Congo (Kinshasa),1500-2499m,8751005.281117672,12202349.21832957,3451343.937211897,39.439399547146586,39.439399547146586,"1,500-2,499 m"
COD,Congo (Kinshasa),2500-3499m,162073.04753873713,213579.09114496125,51506.04360622412,31.77952434929913,31.77952434929913,"2,500-3,499 m"
COL,Colombia,1500-2499m,8038881.94166996,9139871.174843995,1100989.2331740353,13.695800500154142,13.695800500154142,"1,500-2,499 m"
COL,Colombia,2500-3499m,11392832.29734694,12952946.721039515,1560114.4236925747,13.693824177995491,13.693824177995491,"2,500-3,499 m"
COM,Comoros,1500-2499m,8.35834000745308,10.111688895609404,1.7533488881563244,20.97723814289529,20.97723814289529,"1,500-2,499 m"
CPV,Cabo Verde,1500-2499m,1486.6100689627956,1347.7902785800395,-138.81979038275608,-9.338009561553038,-9.338009561553038,"1,500-2,499 m"
CRI,Costa Rica,1500-2499m,232946.36597713004,249212.8961106194,16266.530133489345,6.9829508029699605,6.9829508029699605,"1,500-2,499 m"
CRI,Costa Rica,2500-3499m,6493.04395761142,6894.433097962875,401.38914035145444,6.1818330966468995,6.1818330966468995,"2,500-3,499 m"
CYP,Cyprus,1500-2499m,48.55096603132522,54.91044895731035,6.359482925985134,13.098571348471166,13.098571348471166,"1,500-2,499 m"
DEU,Germany,1500-2499m,1192.906343129127,1245.8961607325805,52.9898176034535,4.442076941636111,4.442076941636111,"1,500-2,499 m"
DJI,Djibouti,1500-2499m,2634.08747998898,3202.56479449973,568.4773145107501,21.581565488217137,21.581565488217137,"1,500-2,499 m"
DOM,Dominican Republic,1500-2499m,7402.231008827601,7855.382157165837,453.15114833823645,6.121818513875435,6.121818513875435,"1,500-2,499 m"
DZA,Algeria,1500-2499m,35774.63557031375,42971.12769741113,7196.492127097379,20.116185706358724,20.116185706358724,"1,500-2,499 m"
ECU,Ecuador,1500-2499m,1297282.8999368215,1462992.2715892994,165709.3716524779,12.773572492210297,12.773572492210297,"1,500-2,499 m"
ECU,Ecuador,2500-3499m,4818785.122235275,5434778.239526598,615993.1172913229,12.783162180213258,12.783162180213258,"2,500-3,499 m"
EGY,Egypt,1500-2499m,2246.9687554582038,2714.4217372949424,467.4529818367387,20.803715258667015,20.803715258667015,"1,500-2,499 m"
ERI,Eritrea,1500-2499m,1404640.5153808508,1616200.5172804792,211560.00189962843,15.061505031575043,15.061505031575043,"1,500-2,499 m"
ERI,Eritrea,2500-3499m,25276.99014693368,29055.780955411814,3778.790808478134,14.949528351723215,14.949528351723215,"2,500-3,499 m"
ESP,Canary Islands,1500-2499m,843.591283985591,862.8122458425772,19.220961856986264,2.2784685216489944,2.2784685216489944,"1,500-2,499 m"
ESP,Spain,1500-2499m,13919.170475609712,13330.587806992804,-588.5826686169075,-4.228575759225518,-4.228575759225518,"1,500-2,499 m"
ESP,Canary Islands,2500-3499m,6.473450189927895,6.848286823056766,0.3748366331288704,5.790368692603558,5.790368692603558,"2,500-3,499 m"
ESP,Spain,2500-3499m,91.3429133451666,96.0516267856086,4.708713440442011,5.154984955043776,5.154984955043776,"2,500-3,499 m"
ETH,Ethiopia,1500-2499m,66710575.715651214,87293090.83504763,20582515.11939642,30.853451493400136,30.853451493400136,"1,500-2,499 m"
ETH,Ethiopia,2500-3499m,14622559.702379381,19258601.611750375,4636041.909370994,31.7047220440934,31.7047220440934,"2,500-3,499 m"
FRA,France,1500-2499m,49072.11935066968,50444.463621163726,1372.3442704940462,2.7965865111454944,2.7965865111454944,"1,500-2,499 m"
FRA,France,2500-3499m,1332.419596563703,1367.3597531448197,34.94015658111675,2.6223088185754,2.6223088185754,"2,500-3,499 m"
GEO,Georgia,1500-2499m,93874.48100340195,94267.87896171812,393.39795831617084,0.4190680514142223,0.4190680514142223,"1,500-2,499 m"
GEO,Georgia,2500-3499m,130.6485699683125,130.17214462841957,-0.476425339892927,-0.3646617333878811,-0.3646617333878811,"2,500-3,499 m"
GNQ,Equatorial Guinea,1500-2499m,94.91314896375115,149.14607620121387,54.23292723746272,57.13953001198511,57.13953001198511,"1,500-2,499 m"
GRC,Greece,1500-2499m,1897.1191958025408,1531.8833957124955,-365.23580009004536,-19.25212716724102,-19.25212716724102,"1,500-2,499 m"
GRL,Greenland,1500-2499m,,,,,,"1,500-2,499 m"
GRL,Greenland,2500-3499m,,,,,,"2,500-3,499 m"
GTM,Guatemala,1500-2499m,5539844.091199506,6489759.432078178,949915.340878672,17.146968854009625,17.146968854009625,"1,500-2,499 m"
GTM,Guatemala,2500-3499m,1043041.7598365818,1221988.0845332795,178946.32469669776,17.15619945310091,17.15619945310091,"2,500-3,499 m"
GUY,Guyana,1500-2499m,10.595816520424705,11.168233802600298,0.5724172821755928,5.402295151791181,5.402295151791181,"1,500-2,499 m"
HMD,Heard Island and McDonald Islands,1500-2499m,,,,,,"1,500-2,499 m"
HND,Honduras,1500-2499m,379637.7921413678,449166.48456298624,69528.69242161844,18.314481292665317,18.314481292665317,"1,500-2,499 m"
HRV,Croatia,1500-2499m,12.07092360411798,11.33301403093435,-0.7379095731836287,-6.113116091066071,-6.113116091066071,"1,500-2,499 m"
HTI,Haiti,1500-2499m,79012.94911969133,90306.90298106686,11293.953861375529,14.293801189811417,14.293801189811417,"1,500-2,499 m"
IDN,Indonesia,1500-2499m,2242649.1223180313,2450447.617831999,207798.4955139677,9.265760454724388,9.265760454724388,"1,500-2,499 m"
IDN,Indonesia,2500-3499m,51318.27381185512,54381.83264646392,3063.558834608797,5.969723077281448,5.969723077281448,"2,500-3,499 m"
IND,India,1500-2499m,12093698.699157132,12970944.247334367,877245.5481772348,7.253740728949815,7.253740728949815,"1,500-2,499 m"
IND,India,2500-3499m,551993.9081337001,589921.2130923579,37927.30495865771,6.870964407359224,6.870964407359224,"2,500-3,499 m"
IRN,Iran,1500-2499m,21560947.212754484,24166169.15387665,2605221.941122167,12.083058853652936,12.083058853652936,"1,500-2,499 m"
IRN,Iran,2500-3499m,109293.19442306881,122462.38605190076,13169.191628831948,12.049415975394249,12.049415975394249,"2,500-3,499 m"
IRQ,Iraq,1500-2499m,14617.458029876292,17861.12621822604,3243.6681883497477,22.190371141959755,22.190371141959755,"1,500-2,499 m"
IRQ,Iraq,2500-3499m,292.9248973935175,333.16241629587313,40.237518902355646,13.736462574671576,13.736462574671576,"2,500-3,499 m"
ISL,Iceland,1500-2499m,3.5185480066525088,4.448150009187543,0.9296020025350344,26.420046018341615,26.420046018341615,"1,500-2,499 m"
ITA,Italy,1500-2499m,82960.98557357641,81111.99908657382,-1848.9864870025922,-2.22874219034291,-2.22874219034291,"1,500-2,499 m"
ITA,Italy,2500-3499m,531.0034541515743,520.7103259920984,-10.293128159475827,-1.9384296051184757,-1.9384296051184757,"2,500-3,499 m"
JOR,Jordan,1500-2499m,13855.555467971793,17046.752237667264,3191.1967696954707,23.031893431282295,23.031893431282295,"1,500-2,499 m"
JPN,Japan,1500-2499m,3817.6659843591874,3683.5764150891746,-134.08956927001282,-3.512344186719634,-3.512344186719634,"1,500-2,499 m"
JPN,Japan,2500-3499m,179.5736206371647,172.97425289413025,-6.599367743034463,-3.6750207071720933,-3.6750207071720933,"2,500-3,499 m"
KAZ,Kazakhstan,1500-2499m,75163.73621367972,86632.77892974998,11469.042716070267,15.258744833366752,15.258744833366752,"1,500-2,499 m"
KAZ,Kazakhstan,2500-3499m,1212.7669417924321,1382.5468341777707,169.7798923853386,13.99938327263515,13.99938327263515,"2,500-3,499 m"
KEN,Kenya,1500-2499m,24268291.962773178,29653445.00913598,5385153.046362802,22.19007853796824,22.19007853796824,"1,500-2,499 m"
KEN,Kenya,2500-3499m,1025098.4807233152,1252662.4275017863,227563.94677847112,22.19922778715863,22.19922778715863,"2,500-3,499 m"
KGZ,Kyrgyzstan,1500-2499m,1029130.3784694748,1256803.8900709152,227673.51160144038,22.12290263358438,22.12290263358438,"1,500-2,499 m"
KGZ,Kyrgyzstan,2500-3499m,32370.269619473922,39623.30016689869,7253.030547424769,22.406457013448392,22.406457013448392,"2,500-3,499 m"
LAO,Laos,1500-2499m,6677.558095815706,7360.054316564858,682.4962207491517,10.220745532364859,10.220745532364859,"1,500-2,499 m"
LBN,Lebanon,1500-2499m,19150.8995273226,17117.47539138553,-2033.424135937068,-10.617904046940357,-10.617904046940357,"1,500-2,499 m"
LBN,Lebanon,2500-3499m,2.112405093988741,1.8754927874481382,-0.2369123065406029,-11.215287598708358,-11.215287598708358,"2,500-3,499 m"
LBY,Libya,1500-2499m,,,,,,"1,500-2,499 m"
LIE,Liechtenstein,1500-2499m,559.6138318690419,599.7273848364343,40.11355296739248,7.168077463957263,7.168077463957263,"1,500-2,499 m"
LKA,Sri Lanka,1500-2499m,183766.75678758416,191456.4443806482,7689.687593064038,4.184482399040508,4.184482399040508,"1,500-2,499 m"
LSO,Lesotho,1500-2499m,2010973.078237786,2259390.5641797893,248417.48594200332,12.353098538727895,12.353098538727895,"1,500-2,499 m"
LSO,Lesotho,2500-3499m,50352.59709302138,56370.21072828392,6017.61363526254,11.950949866886909,11.950949866886909,"2,500-3,499 m"
MAR,Morocco,1500-2499m,1007977.8308487631,1116676.5693344185,108698.7384856554,10.783842179755691,10.783842179755691,"1,500-2,499 m"
MAR,Morocco,2500-3499m,11961.506920510124,13181.342205795747,1219.8352852856224,10.198006767809485,10.198006767809485,"2,500-3,499 m"
MDG,Madagascar,1500-2499m,1694815.9376446835,2156032.8599774092,461216.9223327257,27.2133930350978,27.2133930350978,"1,500-2,499 m"
MDG,Madagascar,2500-3499m,46.1732091125345,52.399830318169236,6.226621205634736,13.485355090782317,13.485355090782317,"2,500-3,499 m"
MEX,Mexico,1500-2499m,58288435.222621955,63580908.538570404,5292473.315948449,9.079799956431874,9.079799956431874,"1,500-2,499 m"
MEX,Mexico,2500-3499m,6004167.56460672,6558169.120922953,554001.5563162332,9.226950286696754,9.226950286696754,"2,500-3,499 m"
MKD,North Macedonia,1500-2499m,611.899844420533,560.9666226949613,-50.933221725571684,-8.323784062047812,-8.323784062047812,"1,500-2,499 m"
MMR,Burma,1500-2499m,485849.4115212554,520777.5701039943,34928.15858273889,7.189091466299084,7.189091466299084,"1,500-2,499 m"
MMR,Burma,2500-3499m,5477.9274402848205,6251.675552344622,773.7481120598013,14.12483316901275,14.12483316901275,"2,500-3,499 m"
MNE,Montenegro,1500-2499m,4642.644660198173,4190.639103365629,-452.00555683254424,-9.735949871581388,-9.735949871581388,"1,500-2,499 m"
MNG,Mongolia,1500-2499m,605093.0557727505,686280.1201291344,81187.06435638387,13.41728575164389,13.41728575164389,"1,500-2,499 m"
MNG,Mongolia,2500-3499m,2226.922732465392,2571.9880377422232,345.06530527683117,15.495162910067142,15.495162910067142,"2,500-3,499 m"
MOZ,Mozambique,1500-2499m,35111.796413410484,46609.5891820865,11497.792768676016,32.7462389941535,32.7462389941535,"1,500-2,499 m"
MWI,Malawi,1500-2499m,269148.9767960477,349779.6994451789,80630.7226491312,29.957655276627904,29.957655276627904,"1,500-2,499 m"
MYS,Malaysia,1500-2499m,11409.542035526205,13329.034256052684,1919.4922205264793,16.823569382098803,16.823569382098803,"1,500-2,499 m"
MYS,Malaysia,2500-3499m,88.71023154475552,99.05176601682615,10.341534472070634,11.657656948909203,11.657656948909203,"2,500-3,499 m"
NAM,Namibia,1500-2499m,478016.7676208738,625019.4176218795,147002.65000100568,30.75261370697291,30.75261370697291,"1,500-2,499 m"
NER,Niger,1500-2499m,4801.5909046026545,5710.888664393385,909.2977597907302,18.937426737440415,18.937426737440415,"1,500-2,499 m"
NGA,Nigeria,1500-2499m,170558.25922609243,212425.40963877164,41867.15041267921,24.54712577546891,24.54712577546891,"1,500-2,499 m"
NIC,Nicaragua,1500-2499m,2114.029178634268,2387.9959236942223,273.96674505995406,12.959459019243317,12.959459019243317,"1,500-2,499 m"
NOR,Norway,1500-2499m,142.5153596424844,153.26660825267766,10.751248610193244,7.5439227302684735,7.5439227302684735,"1,500-2,499 m"
NPL,Nepal,1500-2499m,3042689.112134657,3253700.556927314,211011.44479265716,6.935031382309645,6.935031382309645,"1,500-2,499 m"
NPL,Nepal,2500-3499m,205542.69379110404,218453.98717718114,12911.2933860771,6.281562797459019,6.281562797459019,"2,500-3,499 m"
NZL,New Zealand,1500-2499m,171.60706393549088,197.6143956969045,26.00733176141361,15.15516387553258,15.15516387553258,"1,500-2,499 m"
OMN,Oman,1500-2499m,12386.872790654492,16757.33726915285,4370.4644784983575,35.28303351751328,35.28303351751328,"1,500-2,499 m"
PAK,Pakistan,1500-2499m,10626928.2112046,12451886.324631765,1824958.113427166,17.172959835213756,17.172959835213756,"1,500-2,499 m"
PAK,Pakistan,2500-3499m,694143.5224208432,792060.623903174,97917.1014823307,14.1061752101125,14.1061752101125,"2,500-3,499 m"
PAN,Panama,1500-2499m,12155.653771527148,13996.806095956656,1841.1523244295076,15.14646895210309,15.14646895210309,"1,500-2,499 m"
PAN,Panama,2500-3499m,78.09140915923695,90.29453625309665,12.203127093859706,15.626721588511986,15.626721588511986,"2,500-3,499 m"
PER,Peru,1500-2499m,1989336.637451008,2259933.4394301237,270596.8019791157,13.602363566069887,13.602363566069887,"1,500-2,499 m"
PER,Peru,2500-3499m,4416731.728969193,5017510.7969512865,600779.0679820934,13.602344558117577,13.602344558117577,"2,500-3,499 m"
PHL,Philippines,1500-2499m,169343.7383494231,188218.03291574214,18874.294566319033,11.145552088482834,11.145552088482834,"1,500-2,499 m"
PNG,Papua New Guinea,1500-2499m,3061882.2594233486,4053659.152188919,991776.8927655704,32.39108524546447,32.39108524546447,"1,500-2,499 m"
PNG,Papua New Guinea,2500-3499m,120999.23680549845,158030.84691251663,37031.610107018176,30.60482948875541,30.60482948875541,"2,500-3,499 m"
PRK,"Korea, North",1500-2499m,8826.521480902627,9285.41026103056,458.8887801279325,5.1989765290981325,5.1989765290981325,"1,500-2,499 m"
PRT,Portugal,1500-2499m,284.814999850097,285.7333514438447,0.9183515937476727,0.32243793136984245,0.32243793136984245,"1,500-2,499 m"
QX2,Koktash-Khoji Alo,1500-2499m,,,,,,"1,500-2,499 m"
REU,Reunion,1500-2499m,2546.280265665584,2590.0550265564066,43.77476089082256,1.7191650691829903,1.7191650691829903,"1,500-2,499 m"
ROU,Romania,1500-2499m,2957.9752816776127,2819.6803194317627,-138.29496224585,-4.675325149012609,-4.675325149012609,"1,500-2,499 m"
RUS,Russia,1500-2499m,223813.73293066988,226682.67028204753,2868.937351377652,1.2818415178600118,1.2818415178600118,"1,500-2,499 m"
RUS,Russia,2500-3499m,1004.0102746767168,954.7326008635272,-49.27767381318961,-4.908084613880732,-4.908084613880732,"2,500-3,499 m"
RWA,Rwanda,1500-2499m,7695676.608626482,9640122.597572759,1944445.9889462767,25.266732060526643,25.266732060526643,"1,500-2,499 m"
RWA,Rwanda,2500-3499m,112084.59928587012,139655.76565094784,27571.16636507772,24.598532305725488,24.598532305725488,"2,500-3,499 m"
SAU,Saudi Arabia,1500-2499m,2152600.6303598783,2273038.3774063196,120437.7470464413,5.594988004175496,5.594988004175496,"1,500-2,499 m"
SAU,Saudi Arabia,2500-3499m,66232.02975819455,71676.77573198997,5444.74597379542,8.220714348742678,8.220714348742678,"2,500-3,499 m"
SDN,Sudan,1500-2499m,108166.05332036654,143369.6008813087,35203.547560942156,32.5458371460371,32.5458371460371,"1,500-2,499 m"
SDN,Sudan,2500-3499m,3364.631847846001,4243.263323955308,878.6314761093067,26.113747828660554,26.113747828660554,"2,500-3,499 m"
SGS,South Georgia and South Sandwich Islands,1500-2499m,,,,,,"1,500-2,499 m"
SLB,Solomon Islands,1500-2499m,,,,,,"1,500-2,499 m"
SLV,El Salvador,1500-2499m,17236.642035660065,17749.595384147782,512.9533484877174,2.9759470982021483,2.9759470982021483,"1,500-2,499 m"
SOM,Somalia,1500-2499m,227540.75004321962,320033.465792082,92492.71574886239,40.64885772385566,40.64885772385566,"1,500-2,499 m"
SRB,Serbia,1500-2499m,452.1378224654064,299.79677879589167,-152.3410436695147,-33.6934970047038,-33.6934970047038,"1,500-2,499 m"
SSD,South Sudan,1500-2499m,47147.70218426872,48025.51594060225,877.8137563335331,1.8618378323141782,1.8618378323141782,"1,500-2,499 m"
SSD,South Sudan,2500-3499m,18.72918425811804,13.184402252054497,-5.544782006063542,-29.60503740925179,-29.60503740925179,"2,500-3,499 m"
SVK,Slovakia,1500-2499m,373.20458927575976,378.37583333803434,5.171244062274582,1.385632495117461,1.385632495117461,"1,500-2,499 m"
SVN,Slovenia,1500-2499m,217.8777006450474,224.3719010969776,6.4942004519301975,2.9806632035786618,2.9806632035786618,"1,500-2,499 m"
SWE,Sweden,1500-2499m,0.8722549413960561,0.9452288303491877,0.07297388895313162,8.366119294931812,8.366119294931812,"1,500-2,499 m"
SWZ,Eswatini,1500-2499m,7169.324733898427,7918.592676407425,749.2679425089973,10.451025310183873,10.451025310183873,"1,500-2,499 m"
SYR,Syria,1500-2499m,59893.91341567469,73866.49920132046,13972.585785645773,23.328891015475108,23.328891015475108,"1,500-2,499 m"
SYR,UNDOF Zone - Syria Sovereignty,1500-2499m,9.500672654001391,11.24896887399882,1.7482962199974281,18.40181515212083,18.40181515212083,"1,500-2,499 m"
TCD,Chad,1500-2499m,997.1802154751088,1403.1256498075152,405.9454343324064,40.70933498605293,40.70933498605293,"1,500-2,499 m"
TCD,Chad,2500-3499m,240.6309090955183,445.6846157871187,205.05370669160038,85.21503220943426,85.21503220943426,"2,500-3,499 m"
THA,Thailand,1500-2499m,2436.258001057032,2477.414414297856,41.15641324082435,1.6893290128946772,1.6893290128946772,"1,500-2,499 m"
TJK,Tajikistan,1500-2499m,443126.95292616927,560357.3651889708,117230.41226280155,26.45526558217136,26.45526558217136,"1,500-2,499 m"
TJK,Tajikistan,2500-3499m,54797.3825179289,68547.1163245273,13749.733806598408,25.091953620411882,25.091953620411882,"2,500-3,499 m"
TKM,Turkmenistan,1500-2499m,361.74787814437525,439.1701804949083,77.42230235053307,21.40228237071607,21.40228237071607,"1,500-2,499 m"
TKM,Turkmenistan,2500-3499m,9.83692393783337,11.682027040528274,1.8451031026949032,18.756911351103685,18.756911351103685,"2,500-3,499 m"
TLS,Timor-Leste,1500-2499m,29047.248962480433,34115.635224753314,5068.386262272881,17.448765178484138,17.448765178484138,"1,500-2,499 m"
TUR,Turkey,1500-2499m,3564803.727526876,3951555.0558124585,386751.32828558236,10.849161913155191,10.849161913155191,"1,500-2,499 m"
TUR,Turkey,2500-3499m,13977.297171112104,15487.74522481102,1510.4480536989158,10.806438721362156,10.806438721362156,"2,500-3,499 m"
TWN,Taiwan,1500-2499m,7831.248174679929,7707.9795381765825,-123.2686365033469,-1.5740611682043266,-1.5740611682043266,"1,500-2,499 m"
TWN,Taiwan,2500-3499m,329.77217597028226,326.6077997397023,-3.1643762305799896,-0.9595643481047201,-0.9595643481047201,"2,500-3,499 m"
TZA,Tanzania,1500-2499m,7445889.576455972,9677252.851381738,2231363.2749257656,29.967719128972497,29.967719128972497,"1,500-2,499 m"
TZA,Tanzania,2500-3499m,21918.579245177294,31452.436134537376,9533.856889360082,43.49669192841411,43.49669192841411,"2,500-3,499 m"
UGA,Uganda,1500-2499m,3338492.644856553,4579516.427087132,1241023.7822305788,37.173177066678925,37.173177066678925,"1,500-2,499 m"
UGA,Uganda,2500-3499m,6932.05364089979,9388.348362541581,2456.2947216417915,35.433867781250484,35.433867781250484,"2,500-3,499 m"
UKR,Ukraine,1500-2499m,51.79035292122949,45.35404870958537,-6.436304211644121,-12.427612187608403,-12.427612187608403,"1,500-2,499 m"
USA,United States,1500-2499m,7693272.513315667,8214838.916585134,521566.40326946694,6.779512910360702,6.779512910360702,"1,500-2,499 m"
USA,United States,2500-3499m,156785.4610224522,151690.64192541785,-5094.819097034342,-3.2495481811956703,-3.2495481811956703,"2,500-3,499 m"
UZB,Uzbekistan,1500-2499m,45081.707387872026,55579.16126067435,10497.453872802325,23.28539552081466,23.28539552081466,"1,500-2,499 m"
UZB,Uzbekistan,2500-3499m,707.1533004848066,837.6791347535527,130.52583426874617,18.45792619213697,18.45792619213697,"2,500-3,499 m"
VEN,Venezuela,1500-2499m,434555.1917432847,406752.2403848438,-27802.951358440914,-6.398025357125552,-6.398025357125552,"1,500-2,499 m"
VEN,Venezuela,2500-3499m,35486.43281197624,33235.018800579826,-2251.4140113964168,-6.344435980154624,-6.344435980154624,"2,500-3,499 m"
VNM,Vietnam,1500-2499m,185852.12374564516,204601.9879642304,18749.864218585222,10.088592931144573,10.088592931144573,"1,500-2,499 m"
WSM,Samoa,1500-2499m,,,,,,"1,500-2,499 m"
XJM,Jan Mayen,1500-2499m,,,,,,"1,500-2,499 m"
XKS,Kosovo,1500-2499m,3195.0382953119947,3019.735237030017,-175.30305828197788,-5.486727922453887,-5.486727922453887,"1,500-2,499 m"
XQO,Shipki Pass,2500-3499m,57.23331527650047,58.901335232013,1.668019955512527,2.9144213426290935,2.9144213426290935,"2,500-3,499 m"
YEM,Yemen,1500-2499m,13674923.965899631,18360903.02290897,4685979.057009339,34.26694779945025,34.26694779945025,"1,500-2,499 m"
YEM,Yemen,2500-3499m,1293935.944007775,1716050.34274612,422114.3987383449,32.622511237373004,32.622511237373004,"2,500-3,499 m"
ZAF,South Africa,1500-2499m,11980424.752059516,13755935.48329371,1775510.7312341947,14.820098351930072,14.820098351930072,"1,500-2,499 m"
ZAF,South Africa,2500-3499m,330.8825646900763,372.0565435987647,41.173978908688355,12.443683440151727,12.443683440151727,"2,500-3,499 m"
ZMB,Zambia,1500-2499m,418194.73620620026,564393.2124385888,146198.47623238858,34.959425256921975,34.959425256921975,"1,500-2,499 m"
ZWE,Zimbabwe,1500-2499m,973885.3537240047,1143476.0749735613,169590.72124955663,17.413828085725374,17.413828085725374,"1,500-2,499 m"
