year,threshold_m,geography_level,region,population_total,population_below_or_equal,percent_below_or_equal,population_above,percent_above
2015,100,global,Global,7426197033.276765,3268252511.5555673,44.00977373628168,4157944521.7211976,55.99022626371831
2015,100,continent,Africa,1204437451.7915573,301127898.45718336,25.001538934983003,903309553.334374,74.998461065017
2015,100,continent,Asia,4460719302.524467,2273316857.5927534,50.96301074820396,2187402444.931714,49.03698925179603
2015,100,continent,Europe,743343705.3988931,323093641.59781456,43.46490583712363,420250063.80107856,56.535094162876376
2015,100,continent,North America,569845699.185112,201821882.91663167,35.41693535728005,368023816.2684803,64.58306464271995
2015,100,continent,Oceania,40129358.84005448,27928495.70202191,69.59616726830315,12200863.13803257,30.403832731696856
2015,100,continent,South America,407721515.53668016,140963735.2891618,34.57353362959335,266757780.24751836,65.42646637040664
2015,150,global,Global,7426197033.276765,3824600506.9646306,51.501468245814216,3601596526.3121343,48.498531754185784
2015,150,continent,Africa,1204437451.7915573,343027467.8056605,28.48030566430988,861409983.9858968,71.51969433569012
2015,150,continent,Asia,4460719302.524467,2602346641.8916893,58.33917055527201,1858372660.6327782,41.66082944472799
2015,150,continent,Europe,743343705.3988931,443896010.28606427,59.71611881045805,299447695.11282885,40.28388118954195
2015,150,continent,North America,569845699.185112,242509130.3505885,42.556981775484175,327336568.8345235,57.44301822451582
2015,150,continent,Oceania,40129358.84005448,30601578.507195167,76.25733226679587,9527780.332859315,23.742667733204133
2015,150,continent,South America,407721515.53668016,162219678.1234323,39.786881962778935,245501837.41324785,60.21311803722107
2015,200,global,Global,7426197033.276765,4266819036.4480886,57.456313336805984,3159377996.828676,42.54368666319401
2015,200,continent,Africa,1204437451.7915573,381563572.4489902,31.67981632266816,822873879.3425671,68.32018367733184
2015,200,continent,Asia,4460719302.524467,2853215007.660305,63.96311478387751,1607504294.8641624,36.0368852161225
2015,200,continent,Europe,743343705.3988931,530786814.9032028,71.40530161863306,212556890.49569035,28.594698381366946
2015,200,continent,North America,569845699.185112,289309236.0355822,50.769749854969305,280536463.1495298,49.2302501450307
2015,200,continent,Oceania,40129358.84005448,31991132.089810845,79.72001799809321,8138226.750243638,20.27998200190678
2015,200,continent,South America,407721515.53668016,179953273.31019828,44.13632012363326,227768242.22648188,55.86367987636673
2015,500,global,Global,7426197033.276765,5731462935.2955265,77.1789774714145,1694734097.9812384,22.821022528585498
2015,500,continent,Africa,1204437451.7915573,689410500.4756169,57.23921150493483,515026951.3159404,42.76078849506517
2015,500,continent,Asia,4460719302.524467,3650976825.7538347,81.84726673313936,809742476.7706327,18.152733266860636
2015,500,continent,Europe,743343705.3988931,689492168.0676712,92.75549965109019,53851537.33122194,7.244500348909812
2015,500,continent,North America,569845699.185112,423175058.366189,74.2613410913403,146670640.818923,25.7386589086597
2015,500,continent,Oceania,40129358.84005448,34720021.404547736,86.52024953334788,5409337.435506746,13.479750466652115
2015,500,continent,South America,407721515.53668016,243688361.2276671,59.76833498887159,164033154.30901307,40.23166501112842
2015,1000,global,Global,7426197033.276765,6550007842.67346,88.2013743147791,876189190.6033049,11.7986256852209
2015,1000,continent,Africa,1204437451.7915573,854854764.7195039,70.975438653783,349582687.07205343,29.024561346217006
2015,1000,continent,Asia,4460719302.524467,4108954294.610032,92.11416401575953,351765007.9144354,7.885835984240479
2015,1000,continent,Europe,743343705.3988931,739882277.0898032,99.53434349629255,3461428.309089899,0.4656565037074508
2015,1000,continent,North America,569845699.185112,460726103.175056,80.85102753849004,109119596.01005602,19.148972461509967
2015,1000,continent,Oceania,40129358.84005448,36176285.44424754,90.14917379676336,3953073.395806946,9.85082620323664
2015,1000,continent,South America,407721515.53668016,349414117.63481635,85.69920995581646,58307397.90186381,14.300790044183543
2015,1500,global,Global,7426197033.276765,6971570376.350653,93.8780690185174,454626656.9261122,6.121930981482603
2015,1500,continent,Africa,1204437451.7915573,1037040711.1898141,86.10166593933569,167396740.60174322,13.898334060664306
2015,1500,continent,Asia,4460719302.524467,4298799465.7906475,96.37009581297383,161919836.73381996,3.6299041870261646
2015,1500,continent,Europe,743343705.3988931,742773834.9519233,99.92333688402405,569870.4469698668,0.07666311597594855
2015,1500,continent,North America,569845699.185112,490411536.80947375,86.06040854757168,79434162.37563825,13.939591452428315
2015,1500,continent,Oceania,40129358.84005448,36947037.61598679,92.06984283812851,3182321.2240676954,7.930157161871502
2015,1500,continent,South America,407721515.53668016,365597789.9928081,89.66850560034219,42123725.54387206,10.33149439965781
2015,3500,global,Global,7426197033.276765,7415135377.618107,99.85104548655131,11061655.658658028,0.14895451344868424
2015,3500,continent,Africa,1204437451.7915573,1204297833.0257213,99.98840796874687,139618.76583600044,0.011592031253123403
2015,3500,continent,Asia,4460719302.524467,4456090592.4992485,99.89623399924315,4628710.025218964,0.10376600075686056
2015,3500,continent,Europe,743343705.3988931,743343589.7585315,99.99998444321776,115.64036166667938,1.5556782256550414e-05
2015,3500,continent,North America,569845699.185112,569838294.1416928,99.9987005178016,7405.043419241905,0.00129948219839708
2015,3500,continent,Oceania,40129358.84005448,40129119.57402488,99.9994037631387,239.26602960377932,0.0005962368612900929
2015,3500,continent,South America,407721515.53668016,401435948.618888,98.45836761655355,6285566.917792141,1.5416323834464576
2025,100,global,Global,8196715785.285715,3527530091.337481,43.0358961289094,4669185693.948235,56.9641038710906
2025,100,continent,Africa,1532348334.5606296,372208287.5893827,24.290057240549423,1160140046.971247,75.70994275945057
2025,100,continent,Asia,4821148981.730172,2426982145.731589,50.34032665094317,2394166835.9985833,49.65967334905684
2025,100,continent,Europe,744861201.5326172,329161791.13504297,44.191023838772075,415699410.39757425,55.80897616122793
2025,100,continent,North America,615231730.0694127,218441303.38234958,35.50553274580039,396790426.6870631,64.4944672541996
2025,100,continent,Oceania,46236148.60356799,31679735.297570106,68.51724517367222,14556413.305997882,31.482754826327774
2025,100,continent,South America,436889388.78931594,149056828.20154646,34.11774971568997,287832560.5877695,65.88225028431005
2025,150,global,Global,8196715785.285715,4125621374.9234157,50.33261470807003,4071094410.3622994,49.667385291929975
2025,150,continent,Africa,1532348334.5606296,424385998.6463126,27.695138831993894,1107962335.9143171,72.30486116800611
2025,150,continent,Asia,4821148981.730172,2784401084.9983034,57.75389011104697,2036747896.7318687,42.24610988895303
2025,150,continent,Europe,744861201.5326172,448759000.1599292,60.24733188365406,296102201.372688,39.75266811634594
2025,150,continent,North America,615231730.0694127,261836987.69791543,42.55908382169659,353394742.3714973,57.44091617830341
2025,150,continent,Oceania,46236148.60356799,34695843.35674842,75.04051354759895,11540305.24681957,24.959486452401052
2025,150,continent,South America,436889388.78931594,171542460.06420675,39.264505951855654,265346928.7251092,60.735494048144346
2025,200,global,Global,8196715785.285715,4604354160.128074,56.1731586252332,3592361625.1576414,43.8268413747668
2025,200,continent,Africa,1532348334.5606296,472744015.32213795,30.85094979123581,1059604319.2384917,69.1490502087642
2025,200,continent,Asia,4821148981.730172,3058836466.26102,63.44621329588723,1762312515.469152,36.553786704112774
2025,200,continent,Europe,744861201.5326172,534948163.5783487,71.81850289391446,209913037.95426852,28.18149710608554
2025,200,continent,North America,615231730.0694127,311322569.548565,50.602489165089125,303909160.52084774,49.39751083491087
2025,200,continent,Oceania,46236148.60356799,36264993.61557468,78.43428726409137,9971154.987993307,21.565712735908644
2025,200,continent,South America,436889388.78931594,190237951.80242762,43.543733650662624,246651436.98688832,56.45626634933738
2025,500,global,Global,8196715785.285715,6245878830.527775,76.19977310595576,1950836954.7579403,23.80022689404424
2025,500,continent,Africa,1532348334.5606296,870276755.7652605,56.79366343389507,662071578.7953691,43.20633656610492
2025,500,continent,Asia,4821148981.730172,3933324451.0375414,81.58479370670648,887824530.6926308,18.41520629329351
2025,500,continent,Europe,744861201.5326172,690968657.3583753,92.764753478453,53892544.1742419,7.235246521547004
2025,500,continent,North America,615231730.0694127,454179891.27441055,73.82257271145106,161051838.79500216,26.177427288548934
2025,500,continent,Oceania,46236148.60356799,39358211.32828483,85.12432916016625,6877937.275283158,14.87567083983374
2025,500,continent,South America,436889388.78931594,257770863.76390278,59.001401814363895,179118525.02541316,40.998598185636105
2025,1000,global,Global,8196715785.285715,7166220193.817212,87.42794530806606,1030495591.468503,12.572054691933946
2025,1000,continent,Africa,1532348334.5606296,1081238390.5197701,70.56087484376023,451109944.04085946,29.439125156239772
2025,1000,continent,Asia,4821148981.730172,4435590883.61441,92.00277569565178,385558098.11576176,7.997224304348213
2025,1000,continent,Europe,744861201.5326172,741452660.9549931,99.54239251949079,3408540.5776240826,0.4576074805092159
2025,1000,continent,North America,615231730.0694127,495414942.9171536,80.52493372883403,119816787.15225911,19.47506627116598
2025,1000,continent,Oceania,46236148.60356799,41027272.91570023,88.7341920873881,5208875.687867761,11.265807912611905
2025,1000,continent,South America,436889388.78931594,371496042.89518416,85.03205901261501,65393345.89413178,14.96794098738499
2025,1500,global,Global,8196715785.285715,7663302929.195872,93.49235876828381,533412856.0898428,6.507641231716191
2025,1500,continent,Africa,1532348334.5606296,1318024376.716508,86.01336569432337,214323957.8441217,13.98663430567664
2025,1500,continent,Asia,4821148981.730172,4641608206.010066,96.27597536602832,179540775.72010612,3.724024633971674
2025,1500,continent,Europe,744861201.5326172,744282350.4381614,99.92228738813824,578851.0944558382,0.07771261186175375
2025,1500,continent,North America,615231730.0694127,528209386.9670285,85.85535516957715,87022343.10238421,14.144644830422845
2025,1500,continent,Oceania,46236148.60356799,42025029.47543086,90.89214985390855,4211119.128137127,9.10785014609145
2025,1500,continent,South America,436889388.78931594,389153579.5886783,89.07370825990522,47735809.20063764,10.92629174009479
2025,3500,global,Global,8196715785.285715,8184626352.17358,99.85250881659411,12089433.112134933,0.14749118340588566
2025,3500,continent,Africa,1532348334.5606296,1532169352.2464159,99.98831973708738,178982.31421375275,0.011680262912614602
2025,3500,continent,Asia,4821148981.730172,4816409964.204998,99.90170356603514,4739017.525174141,0.09829643396486461
2025,3500,continent,Europe,744861201.5326172,744861076.2704842,99.99998318315778,125.26213300228119,1.6816842217656574e-05
2025,3500,continent,North America,615231730.0694127,615223284.7076898,99.99862728768525,8445.361722946167,0.0013727123147555037
2025,3500,continent,Oceania,46236148.60356799,46235896.500807345,99.99945474965313,252.10276064276695,0.000545250346875372
2025,3500,continent,South America,436889388.78931594,429726778.2431852,98.36054371428445,7162610.546130717,1.6394562857155566
