iso3,country_name,lowland_population_2015,lowland_population_2025,lowland_absolute_change_2015_2025,lowland_growth_2015_2025_percent,highland_population_2015,highland_population_2025,highland_absolute_change_2015_2025,highland_growth_2015_2025_percent,highland_minus_lowland_growth_difference_pp
AFG,Afghanistan,4314303.1067120694,5684815.7102324581,1370512.6035203887,31.7667203630,15254520.2481104191,19419789.0417595394,4165268.7936491198,27.3051444811,-4.4615758818
AGO,Angola,11288992.2515517324,15718197.6104659103,4429205.3589141779,39.2347276021,4792861.0141123096,6660610.8015231332,1867749.7874108236,38.9694126725,-0.2653149295
ARG,Argentina,36158508.1650716513,38266790.7176145613,2108282.5525429174,5.8306679659,258156.6551063699,273219.7749771285,15063.1198707586,5.8348756744,0.0042077085
BTN,Bhutan,126257.5452524450,136002.7323814232,9745.1871289782,7.7184988109,380617.6820518470,410193.8060178086,29576.1239659616,7.7705596352,0.0520608243
BOL,Bolivia,3989260.3685903600,4561533.6465166714,572273.2779263118,14.3453478853,2885283.7049467433,3299058.7283620909,413775.0234153475,14.3408782542,-0.0044696311
MMR,Burma,44025604.6965262294,47306552.6947995424,3280947.9982733130,7.4523632802,491327.3389615402,527029.2456563389,35701.9066947987,7.2664197295,-0.1859435506
CMR,Cameroon,10022048.2537242603,13455942.3703450356,3433894.1166207753,34.2633963606,1163784.7119976815,1392144.0101753706,228359.2981776891,19.6221256237,-14.6412707369
CHL,Chile,11443801.1012889519,12628600.5381514523,1184799.4368625004,10.3531984380,229103.3769042045,252522.9023506815,23419.5254464771,10.2222524011,-0.1309460369
CHN,China,1125344737.6365761757,1145769955.3159050941,20425217.6793291569,1.8150187224,65608030.4692903459,66806109.5053782016,1198079.0360878557,1.8261164487,0.0110977264
COL,Colombia,16967336.8862910904,19286193.3377692588,2318856.4514781684,13.6665905028,19431714.2390168943,22092817.8958835080,2661103.6568666101,13.6946417806,0.0280512778
COD,Congo (Kinshasa),29923119.8151770905,41706234.9375334978,11783115.1223564073,39.3779632443,8913078.3286564033,12415928.3094745222,3502849.9808181189,39.3001144123,-0.0778488320
CRI,Costa Rica,1578725.5581128388,1694169.3196174861,115443.7615046473,7.3124654828,239439.4099347414,256107.3292085823,16667.9192738408,6.9612263405,-0.3512391423
ECU,Ecuador,8965677.4863460083,10111745.6039113458,1146068.1175653376,12.7828389914,6116068.0221720953,6897770.5111158974,781702.4889438022,12.7811281057,-0.0017108857
ERI,Eritrea,546547.1346115756,634245.4101216381,87698.2755100625,16.0458760016,1429917.5055277846,1645256.2982358912,215338.7927081066,15.0595255933,-0.9863504083
ETH,Ethiopia,3613424.3092957381,4791686.8287914628,1178262.5194957247,32.6079203172,81333135.4180305451,106551692.4467979372,25218557.0287673920,31.0064980271,-1.6014222901
GTM,Guatemala,3930197.8349534050,4604851.2390201297,674653.4040667247,17.1658891587,6582885.8510360867,7711747.5166114569,1128861.6655753702,17.1484314193,-0.0174577394
HND,Honduras,4222284.0929132206,5047703.5295285918,825419.4366153711,19.5491212446,379663.5362208710,449195.4822124254,69531.9459915544,18.3140963927,-1.2350248519
IND,India,1114997450.3522970676,1233706082.8942046165,118708632.5419075638,10.6465384745,12645692.6072908286,13560865.4604267217,915172.8531358932,7.2370322572,-3.4095062173
IDN,Indonesia,225701518.0748258531,246756809.4894807935,21055291.4146549404,9.3288213541,2293967.3961298866,2504829.4504784630,210862.0543485763,9.1920249043,-0.1367964498
IRN,Iran,16966852.9328913055,19029332.9406220689,2062480.0077307632,12.1559373202,21670240.4071774967,24288631.5399284959,2618391.1327509992,12.0828891768,-0.0730481434
KEN,Kenya,6738179.6139063276,8241199.7197275059,1503020.1058211783,22.3060261368,25293413.2706128210,30906130.2979654931,5612717.0273526721,22.1904294502,-0.1155966866
MDG,Madagascar,12553091.5070996825,16365971.0885694996,3812879.5814698171,30.3740284161,1694862.1108537954,2156085.2598077268,461223.1489539314,27.2130190415,-3.1610093746
MWI,Malawi,1963398.0415300168,2559468.4876893265,596070.4461593099,30.3591240060,269180.0657107265,349821.4294692097,80641.3637584832,29.9581484779,-0.4009755281
MEX,Mexico,36246744.3910296857,39541935.3146499470,3295190.9236202613,9.0909983199,64292602.7872286141,70139077.6594932973,5846474.8722646832,9.0935420543,0.0025437344
MAR,Morocco,23879137.8094162680,26623148.8044772372,2744010.9950609691,11.4912482057,1019939.3377692732,1129857.9115402144,109918.5737709414,10.7769716983,-0.7142765074
NAM,Namibia,195926.2619833795,256116.7041532329,60190.4421698534,30.7209669396,478016.7676208736,625019.4176218790,147002.6500010054,30.7526137070,0.0316467674
NPL,Nepal,15102533.0461046491,16137930.2787307072,1035397.2326260582,6.8557852478,3248231.8059257604,3472154.5441044946,223922.7381787342,6.8936809796,0.0378957318
NGA,Nigeria,161526416.3565440178,201649711.3104856908,40123294.9539416432,24.8400824206,170558.2592260924,212425.4096387716,41867.1504126792,24.5471257755,-0.2929566451
PAK,Pakistan,177833763.1592863798,208654704.4218329489,30820941.2625465691,17.3313215190,11321071.7336254306,13243946.9485349245,1922875.2149094939,16.9849221006,-0.3463994184
PNG,Papua New Guinea,4425740.1200628532,5148779.3869578512,723039.2668949980,16.3371379087,3182881.4962288467,4211689.9991014358,1028808.5028725890,32.3231796123,15.9860417036
PER,Peru,18372227.9577135555,20881146.4276605807,2508918.4699470252,13.6560382101,6406068.3664201964,7277444.2363814041,871375.8699612077,13.6023504608,-0.0536877492
PHL,Philippines,100023165.1915744245,111243722.9441224039,11220557.7525479794,11.2179590908,169675.1126458527,188577.6293651193,18902.5167192666,11.1404179579,-0.0775411329
RUS,Russia,138701283.1011949778,138049586.3428753018,-651696.7583196759,-0.4698563299,224817.7432053466,227637.4028829110,2819.6596775645,1.2541980172,1.7240543471
SAU,Saudi Arabia,13411608.6323275566,15546182.0781049784,2134573.4457774218,15.9158644149,2218832.6601180718,2344715.1531383083,125882.4930202365,5.6733657875,-10.2424986274
SOM,Somalia,10596491.9392096568,15071263.3001151197,4474771.3609054647,42.2287997441,227540.7500432196,320033.4657920820,92492.7157488624,40.6488577239,-1.5799420202
ZAF,South Africa,16794426.6667706445,19279624.2256201133,2485197.5588494688,14.7977517075,11980755.6346241795,13756307.5398372822,1775551.9052131008,14.8200327205,0.0222810130
LKA,Sri Lanka,18898014.9545885213,20264992.3630623855,1366977.4084738642,7.2334444213,183766.7567875842,191456.4443806482,7689.6875930640,4.1844823990,-3.0489620223
SDN,Sudan,25024665.3997826166,33139017.6648923606,8114352.2651097439,32.4254176249,111530.6851682125,147612.8642052640,36082.1790370514,32.3517953670,-0.0736222579
CHE,Switzerland,4896038.1568453768,5314429.6527231093,418391.4958777325,8.5455113395,104904.4580306400,113842.0303347729,8937.5723041329,8.5197259220,-0.0257854175
TJK,Tajikistan,3332521.7420012648,4165775.8412507442,833254.0992494794,25.0037108160,497924.3354440982,628904.4815134980,130980.1460693998,26.3052308846,1.3015200687
TZA,Tanzania,12815338.2739927154,17389462.7302808613,4574124.4562881440,35.6925768052,7467808.1557011437,9708705.2875162680,2240897.1318151243,30.0074276828,-5.6851491223
TUR,Turkey,46285889.1499940157,51300701.5969175249,5014812.4469235092,10.8344304042,3578781.0246979725,3967042.8010372519,388261.7763392795,10.8489950533,0.0145646491
USA,United States,295357556.3409120440,314788264.3963469863,19430708.0554349422,6.5787069395,7850057.9743381161,8366529.5585105503,516471.5841724342,6.5792072601,0.0005003206
VEN,Venezuela,22700896.5243456997,21243549.9656913690,-1457346.5586543309,-6.4197753472,470041.6245552608,439987.2591854235,-30054.3653698373,-6.3939795541,0.0257957931
VNM,Vietnam,85914640.6697804481,94353119.1480422169,8438478.4782617688,9.8219330401,186042.5364646102,204808.0023601751,18765.4658955649,10.0866534354,0.2647203952
YEM,Yemen,7622382.1191896722,10282724.3747168444,2660342.2555271704,34.9017172575,14968859.9099074025,20076953.3656550869,5108093.4557476845,34.1247996607,-0.7769175968
ZMB,Zambia,144550.9529129991,193569.4017779409,49018.4488649419,33.9108444995,418194.7362062000,564393.2124385883,146198.4762323883,34.9594252569,1.0485807574
ZWE,Zimbabwe,756135.7613291128,887007.5596850788,130871.7983559660,17.3079762986,973885.3537240048,1143476.0749735616,169590.7212495569,17.4138280857,0.1058517871
