elevation_group,settlement_class,population_2015,population_2025,youth_population_2015,youth_population_2025,working_age_population_2015,working_age_population_2025,old_age_population_2015,old_age_population_2025,population_2025_millions,population_change_percent,youth_share_2015_percent,youth_share_2025_percent,youth_share_change_pp,youth_share_change_percent,working_age_share_2015_percent,working_age_share_2025_percent,working_age_share_change_pp,working_age_share_change_percent,old_age_share_2015_percent,old_age_share_2025_percent,old_age_share_change_pp,old_age_share_change_percent
<100 m,Low-density rural,443549060.98496056,477621690.95293105,112649833.29679945,110026603.6053769,289011039.28626466,310152952.48138815,41888188.40189646,57442134.86616604,477.62169095293103,7.681817630795473,25.39737837493,23.036349832826136,-2.3610285421038633,-9.296347470392686,65.15875349718397,64.93694870988456,-0.2218047872994049,-0.340406737997212,9.44386812788603,12.026701457289317,2.582833329403286,27.34931592041874
<100 m,Rural cluster,85732494.21051188,93386928.22207558,21737051.339081164,21902774.48047813,55209362.68876246,59907774.63943781,8786080.18266826,11576379.102159653,93.38692822207558,8.9282763578167,25.354507108712962,23.453790479533698,-1.9007166291792643,-7.496563120038302,64.39724307238585,64.1500644468958,-0.24717862549005076,-0.3838341731682626,10.248249818901193,12.396145073570512,2.1478952546693186,20.95865433244888
<100 m,Peri-urban,670246378.6795845,725376542.4954845,173908005.312242,166952013.82499573,439391101.2779835,477279844.85682446,56947272.089359045,81144683.81366427,725.3765424954845,8.225357953370649,25.946877274420878,23.015910226520045,-2.9309670479008325,-11.296030026666282,65.55665427743209,65.79752954442907,0.24087526699698003,0.36743068976279325,8.496468448147043,11.186560229050887,2.6900917809038436,31.66129312809387
<100 m,Semi-dense urban,83886397.08637431,90377370.2311169,21798585.414393444,20849735.84953771,54498693.308767386,58928701.380439945,7589118.363213467,10598933.001139244,90.3773702311169,7.737813722121256,25.98584057907309,23.069642097595747,-2.9161984814773447,-11.222259570951943,64.9672595339294,65.20293877742286,0.2356792434934647,0.36276617666222144,9.046899886997496,11.727419124981393,2.680519237983898,29.629146685224494
<100 m,Dense urban,303966979.92735285,329455828.41210157,77756540.44987148,76026561.51942791,197700128.2992115,214328559.3393877,28510311.178269845,39100707.55328598,329.45582841210154,8.385400444101032,25.58058788768933,23.076405078598178,-2.5041828090911515,-9.789387249760162,65.04000149834077,65.05532482833895,0.01532332999818209,0.02355985492801249,9.379410613969885,11.868270093062872,2.488859479092987,26.53535047699085
<100 m,Urban centre,1665612847.066712,1794846736.5257514,377530461.33965045,367640060.111644,1141339012.2730181,1222887439.3087232,146743373.45404327,204319237.10538423,1794.8467365257513,7.758939280915822,22.66615930613853,20.483089315095366,-2.183069991043162,-9.63140672205518,68.52366768682259,68.13325140372942,-0.3904162830931739,-0.569753920466598,8.810173007038882,11.383659281175218,2.573486274136336,29.210394303043195
100-499 m,Low-density rural,693980652.7423395,758285940.4715575,195365553.62676522,198886693.30517533,437041030.11853325,477006589.11041254,61574068.99704099,82392658.05596961,758.2859404715575,9.266149924368738,28.151440945040346,26.228455875298582,-1.9229850697417632,-6.830858404356565,62.97596746991698,62.90589916697849,-0.07006830293848765,-0.11126197143689343,8.872591585042667,10.86564495772292,1.9930533726802526,22.463035220060434
100-499 m,Rural cluster,157275720.04897866,176854603.2877641,44544603.83227592,47253971.94019221,99023772.99473955,111182960.61744611,13707343.221963199,18417670.73012576,176.8546032877641,12.448764013090008,28.322619548906772,26.71910770866631,-1.6035118402404613,-5.661594392678115,62.96189454030264,62.86687400301242,-0.09502053729021753,-0.15091753191986967,8.715485910790598,10.414018288321255,1.6985323775306576,19.48867102668037
100-499 m,Peri-urban,510064806.1158387,563886902.82006,138474612.27069303,138635882.53941083,328519367.21945477,365192074.2050124,43070826.62569089,60058946.07563673,563.88690282006,10.5520114422476,27.14843498518983,24.585760344153698,-2.562674641036132,-9.439493077351003,64.40737790186725,64.76335456252785,0.35597666066060185,0.5526954710110665,8.44418711294291,10.650885093318426,2.206697980375516,26.132746122988905
100-499 m,Semi-dense urban,77187993.42320059,85219450.15201777,21197689.834121447,21406932.0320616,49193254.48540832,54530687.737858534,6797049.103670834,9281830.382097635,85.21945015201777,10.405059611775247,27.462418562820165,25.119772533001655,-2.3426460298185106,-8.53037042043372,63.73174415312911,63.988546793700934,0.2568026405718271,0.4029430607686013,8.805837284050742,10.891680673297405,2.085843389246662,23.687053507388466
100-499 m,Dense urban,236721005.92654112,261204087.46353617,64060899.49359092,65989306.97859571,151243077.99493757,166271253.61745265,21417028.43801262,28943526.867487792,261.20408746353615,10.342589345278718,27.06177225077786,25.26350472513481,-1.7982675256430518,-6.645047149827232,63.890856412578394,63.65568595501552,-0.23517045756287303,-0.36808155465040127,9.047371336643744,11.080809319849667,2.033437983205923,22.47545621312208
100-499 m,Urban centre,797509213.4872794,883015374.3110319,208309505.7978662,213828829.74401748,523786290.05504143,578350366.0284828,65413417.634371825,90836178.53853165,883.0153743110319,10.721651785044406,26.120012443115034,24.2157538775422,-1.9042585655728352,-7.29041982548817,65.6777728955223,65.4972022972689,-0.1805705982533965,-0.2749341067649236,8.20221466136268,10.287043825188897,2.0848291638262175,25.417881022390286
500-1499 m,Low-density rural,394904317.9306954,452536823.5125617,128459317.66429451,138664395.52703762,240790490.01063076,277984779.872762,25654510.255770124,35887648.11276204,452.5368235125617,14.594042902306438,32.529225898927436,30.6415717622123,-1.8876541367151347,-5.802948224406945,60.974387738370794,61.42810163271622,0.45371389434542664,0.7441056994163198,6.496386362701767,7.930326605071478,1.4339402423697116,22.07289040877418
500-1499 m,Rural cluster,78484478.20474386,91208812.24806409,24330293.138811406,26855126.768710602,48716297.00876488,56692631.56993988,5437888.057167572,7661053.909413613,91.20881224806409,16.21254843553399,31.000133651064782,29.44356593052839,-1.5565677205363926,-5.021164547408096,62.071250421870424,62.156967262933726,0.08571684106330224,0.13809427147144504,6.928615927064784,8.399466806537895,1.4708508794731108,21.2286392398751
500-1499 m,Peri-urban,220057183.68083552,254611295.8341173,68906059.11049068,74007005.59637411,137576176.0462042,160851623.17187145,13574948.524140617,19752667.065871745,254.6112958341173,15.702333173271011,31.312796954826982,29.066662323022257,-2.2461346318047255,-7.173216225446366,62.51837533544947,63.17536802321153,0.6569926877620631,1.0508793362541624,6.168827709723544,7.7579696537662155,1.5891419440426713,25.76084174855142
500-1499 m,Semi-dense urban,28760537.91542685,33262792.702448986,9073686.928145505,9872814.265892567,17787614.640751347,20669220.45748361,1899236.3465299963,2720757.9790728115,33.262792702448984,15.654278790825993,31.54908630300157,29.681254830914057,-1.8678314720875129,-5.920397992349491,61.84729469614773,62.13916144197306,0.291866745825331,0.4719151375323083,6.6036190008506965,8.179583727112892,1.5759647262621952,23.865167358370854
500-1499 m,Dense urban,110426217.71107729,125488800.62610844,32214411.432132922,34566607.137098484,70501039.45656653,79722816.12572305,7710766.822377828,11199377.363286914,125.48880062610844,13.640404631481061,29.17279256672518,27.545571369423676,-1.6272211973015054,-5.577872579663601,63.84447544968688,63.52982555252537,-0.3146498971615159,-0.49283809592809424,6.982731983587926,8.924603078050968,1.9418710944630417,27.809618055328155
500-1499 m,Urban centre,409972123.6643691,463047735.5128777,109682490.59640507,115049678.44364814,273745753.8457062,308731100.2368813,26543879.22225782,39266956.83234821,463.0477355128777,12.946151405152584,26.753645983549497,24.846180991732446,-1.9074649918170508,-7.1297384774767885,66.77179692095675,66.67370911444513,-0.09808780651161442,-0.14690005516510007,6.47455709549375,8.48010989382242,2.0055527983286696,30.97590721262651
1500-2499 m,Low-density rural,108266222.34269328,127603905.5665947,39590049.4302769,43382701.90398429,63414053.21692019,76594725.90174146,5262119.695496199,7626477.760868961,127.6039055665947,17.86123391531309,36.56731395408179,33.99794207814702,-2.5693718759347703,-7.026416758860588,58.572333868080044,60.02537740646797,1.4530435383879237,2.4807676976993154,4.860352177838161,5.9766805153850155,1.1163283375468547,22.96805450923902
1500-2499 m,Rural cluster,19030523.38120549,22619661.67369092,6413836.691874355,7155189.449831633,11566744.3028485,13901320.795347765,1049942.3864826376,1563151.4285115201,22.619661673690917,18.859903222788144,33.70289173554022,31.632610394672177,-2.0702813408680427,-6.142740976391947,60.779958969871494,61.45680247515145,0.6768435052799546,1.1135965156137573,5.517149294588286,6.9105871301763635,1.3934378355880774,25.256482309711757
1500-2499 m,Peri-urban,83947042.53149958,101853483.82040048,31341217.349289708,35142194.1341093,49008544.83357931,61294134.56849704,3597280.3486305703,5417155.117794142,101.85348382040047,21.330639828296306,37.33451042963127,34.50269231445826,-2.8318181151730144,-7.584987944359078,58.38031139118422,60.178731516516166,1.798420125331944,3.0805250648312077,4.2851781791845225,5.318576169025577,1.0333979898410544,24.115636424661147
1500-2499 m,Semi-dense urban,11639370.557832023,14153355.449735878,4384526.142274525,4939099.774718037,6738978.037810498,8439373.813849526,515866.37774700124,774881.8611683146,14.153355449735878,21.59897633134653,37.669787386605876,34.89702348152506,-2.772763905080815,-7.360710259986014,57.89813121187987,59.62807790577334,1.7299466938934671,2.9879145624971404,4.4320814015142735,5.47489861270159,1.0428172111873169,23.528837056806438
1500-2499 m,Dense urban,34279539.915141135,39820197.45976648,11033698.292577293,11938635.596387977,21407620.364399444,25093216.010205925,1838221.258164398,2788345.853172578,39.820197459766476,16.163161927905744,32.18741651694034,29.981357095103643,-2.206059421836695,-6.85379462087502,62.450139113284266,63.01630230628466,0.5661631930003921,0.9065843584004973,5.362444369775403,7.0023405986117115,1.6398962288363084,30.58113270282732
1500-2499 m,Urban centre,130770663.5184279,149825693.1878279,36820811.004827514,38782748.643174656,86786969.7434228,100532512.42985234,7162882.770177571,10510432.114800883,149.82569318782788,14.571333628443961,28.156782273754246,25.885245593060564,-2.271536680693682,-8.067458343104239,66.36577914984197,67.099647791264,0.7338686414220348,1.1057937551898434,5.4774385764037925,7.015106615675428,1.5376680392716358,28.072757326677134
2500-3499 m,Low-density rural,17492813.53818008,20701170.08041541,6523425.117969865,7005946.87211611,10045222.04460797,12394820.546254367,924166.3756022409,1300402.662044934,20.70117008041541,18.34099777735996,37.292029116595444,33.84324096126417,-3.448788155331272,-9.248057123811792,57.42485062613351,59.87497565647575,2.4501250303422353,4.266663306264151,5.28312025727103,6.2817833822600955,0.9986631249890658,18.902903518325754
2500-3499 m,Rural cluster,2881025.0149474433,3415311.4071736857,970419.1048431312,1057983.989307374,1740962.3569673947,2110045.5141776656,169643.55313691706,247281.90368864586,3.415311407173686,18.54501052417934,33.683119716363656,30.97767269728708,-2.7054470190765763,-8.03205594332831,60.428574827877846,61.78193618730121,1.353361359423367,2.2396049605310386,5.888305455758487,7.2403911154116996,1.3520856596532127,22.962220112595144
2500-3499 m,Peri-urban,9458726.873348713,11701885.34603407,3551336.213962648,3993182.7758771977,5466117.276707792,7057316.013627459,441273.38267827226,651386.5565294113,11.70188534603407,23.71522618975044,37.54560483154488,34.12426850713028,-3.4213363244145967,-9.112481580107811,57.789143823460456,60.30922201796551,2.5200781945050537,4.360815938376961,4.665251344994661,5.566509474904189,0.9012581299095279,19.31853319921306
2500-3499 m,Semi-dense urban,1012373.0429746245,1229552.1148995995,367333.2690258606,408876.29540677485,597185.7479877151,749771.4065382367,47854.02596104888,70904.41295458807,1.2295521148995994,21.452474799886456,36.28437872531024,33.25408418659523,-3.0302945387150118,-8.351512813973649,58.988705016583864,60.97922954648084,1.9905245298969731,3.3744163892686974,4.726916258105892,5.76668626692394,1.0397700088180475,21.996793512789893
2500-3499 m,Dense urban,4725668.456841031,5437144.0962532135,1493374.9579894007,1575607.0053249572,2983319.8194399616,3489771.182221888,248973.67941166885,371765.90870636783,5.437144096253213,15.055555545421884,31.60134849975653,28.978577308825095,-2.6227711909314344,-8.2995546565098,63.130112632451194,64.18390096791295,1.0537883354617534,1.6692324653323487,5.268538867792269,6.837521723261945,1.5689828554696765,29.78022739969164
2500-3499 m,Urban centre,20594500.528475918,23584658.50360452,5074416.560905204,4921067.292096502,14206300.327277657,16690572.606123134,1313783.6402930564,1973018.6053848872,23.58465850360452,14.519206090937352,24.63966802151299,20.865543977854923,-3.774124043658066,-15.31726823739209,68.98103844584466,70.7687694675429,1.7877310216982352,2.5916267165240425,6.379293532642338,8.365686554602197,1.9863930219598593,31.138134838844532
>=3500 m,Low-density rural,4354097.0635296935,4810843.154273544,1286059.3484721505,1261361.744625918,2757221.335730025,3132525.925848901,310816.37932751793,416955.4837987258,4.810843154273544,10.490030058576249,29.53676341403362,26.219140890208227,-3.317622523825392,-11.23218030804658,63.32475586786426,65.11386518735766,1.7891093194933987,2.8252920914951796,7.138480718102123,8.666993922434116,1.5285132043319933,21.412304167971087
>=3500 m,Rural cluster,1221666.437914577,1304417.4921946377,347866.7505191409,334581.02394085604,807256.4531245498,870184.2173312667,66543.23427088645,99652.25092251501,1.3044174921946377,6.773620991120888,28.474773450677777,25.649841859904452,-2.824931590773325,-9.92082200642086,66.0783032152837,66.71056027217264,0.6322570568889461,0.9568300427283072,5.446923334038531,7.639597867922909,2.192674533884378,40.255285404552524
>=3500 m,Peri-urban,757835.3546815229,813643.3083310619,198480.2367647445,193251.1675521388,522136.6423152769,565712.5066871669,37218.47560150154,54679.63409175626,0.8136433083310618,7.364126429940976,26.19041663055625,23.751337419407275,-2.439079211148975,-9.312869075566033,68.8984274868916,69.5283179858692,0.6298904989775878,0.9142305883504065,4.911155882552147,6.720344594723535,1.8091887121713883,36.8383483529588
>=3500 m,Semi-dense urban,271269.39137855073,279843.4656149994,74897.33774934063,69879.50509453642,183300.5092050211,189528.9663193414,13071.544424189007,20434.994201121604,0.2798434656149994,3.1607230704785882,27.609947944633003,24.970926135782864,-2.6390218088501385,-9.558228121770608,67.5713939834919,67.72677929170942,0.15538530821751806,0.22995723346403985,4.818658071875106,7.302294572507718,2.4836365006326124,51.542077972470544
>=3500 m,Dense urban,1271768.941425761,1336206.0353885868,368091.7007013436,348604.2747362802,842155.5977126716,894470.2908903591,61521.64301174596,93131.46976194752,1.3362060353885867,5.0667296443476895,28.943284327157848,26.089110923294204,-2.854173403863644,-9.86126305363879,66.21922978937855,66.94104555741174,0.7218157680331956,1.0900395101680393,4.837485883463625,6.969843519294061,2.132357635830436,44.079873041483175
>=3500 m,Urban centre,3188748.9220830686,3548622.3471834026,870461.7363968268,875196.5264745075,2139838.2992478926,2448448.0860368796,178448.8864383491,224977.73467201553,3.5486223471834024,11.285724711911293,27.297907664307186,24.662994279150745,-2.634913385156441,-9.652437166829708,67.10588859564493,68.99714442649135,1.8912558308464185,2.8183157550336846,5.596203740047878,6.339861294357905,0.743657554310027,13.288607578530808
