table_name,attribution_scenario,year,interval,elevation_group,elevation_group_order,settlement_class,settlement_class_order,age_group,metric,value,unit,notes
figure1_elevation_summary,static_2025,2015.0,,<100 m,1,,,,population,3255289583.297298,people,
figure1_elevation_summary,static_2025,2025.0,,<100 m,1,,,,population,3513598213.609451,people,
figure1_elevation_summary,static_2025,,2015-2025,<100 m,1,,,,population_growth,7.935043064584443,percent,
figure1_elevation_summary,static_2025,2025.0,,<100 m,1,,,0-14,population,764049297.0872445,people,
figure1_elevation_summary,static_2025,2025.0,,<100 m,1,,,15-64,population,2345135031.955626,people,
figure1_elevation_summary,static_2025,2025.0,,<100 m,1,,,65+,population,404413884.5665805,people,
figure1_elevation_summary,static_2025,2025.0,,<100 m,1,,,0-14,population_share,21.745494238009407,percent,
figure1_elevation_summary,static_2025,2025.0,,<100 m,1,,,15-64,population_share,66.74454190214635,percent,
figure1_elevation_summary,static_2025,2025.0,,<100 m,1,,,65+,population_share,11.509963859844236,percent,
figure1_elevation_summary,static_2025,2025.0,,<100 m,1,,,,mean_age_approx,35.75962185858613,years,
figure1_elevation_summary,static_2025,2015.0,,100-499 m,2,,,,population,2473002289.789188,people,
figure1_elevation_summary,static_2025,2025.0,,100-499 m,2,,,,population,2728759506.4634366,people,
figure1_elevation_summary,static_2025,,2015-2025,100-499 m,2,,,,population_growth,10.341972497568372,percent,
figure1_elevation_summary,static_2025,2025.0,,100-499 m,2,,,0-14,population,686087721.9078779,people,
figure1_elevation_summary,static_2025,2025.0,,100-499 m,2,,,15-64,population,1752714028.665667,people,
figure1_elevation_summary,static_2025,2025.0,,100-499 m,2,,,65+,population,289957755.88989186,people,
figure1_elevation_summary,static_2025,2025.0,,100-499 m,2,,,0-14,population_share,25.14284312277378,percent,
figure1_elevation_summary,static_2025,2025.0,,100-499 m,2,,,15-64,population_share,64.2311652790994,percent,
figure1_elevation_summary,static_2025,2025.0,,100-499 m,2,,,65+,population_share,10.625991598126827,percent,
figure1_elevation_summary,static_2025,2025.0,,100-499 m,2,,,,mean_age_approx,33.87082097915318,years,
figure1_elevation_summary,static_2025,2015.0,,500-1499 m,3,,,,population,1242716345.748641,people,
figure1_elevation_summary,static_2025,2025.0,,500-1499 m,3,,,,population,1420290283.547622,people,
figure1_elevation_summary,static_2025,,2015-2025,500-1499 m,3,,,,population_growth,14.289176963293308,percent,
figure1_elevation_summary,static_2025,2025.0,,500-1499 m,3,,,0-14,population,399062501.9886886,people,
figure1_elevation_summary,static_2025,2025.0,,500-1499 m,3,,,15-64,population,904732129.1925628,people,
figure1_elevation_summary,static_2025,2025.0,,500-1499 m,3,,,65+,population,116495652.36637044,people,
figure1_elevation_summary,static_2025,2025.0,,500-1499 m,3,,,0-14,population_share,28.097249316661127,percent,
figure1_elevation_summary,static_2025,2025.0,,500-1499 m,3,,,15-64,population_share,63.70050824629383,percent,
figure1_elevation_summary,static_2025,2025.0,,500-1499 m,3,,,65+,population_share,8.202242437045044,percent,
figure1_elevation_summary,static_2025,2025.0,,500-1499 m,3,,,,mean_age_approx,31.429810506247847,years,
figure1_elevation_summary,static_2025,2015.0,,1500-2499 m,4,,,,population,387953295.1039886,people,
figure1_elevation_summary,static_2025,2025.0,,1500-2499 m,4,,,,population,455898978.93127704,people,
figure1_elevation_summary,static_2025,,2015-2025,1500-2499 m,4,,,,population_growth,17.513882388620004,percent,
figure1_elevation_summary,static_2025,2025.0,,1500-2499 m,4,,,0-14,population,141346840.09154046,people,
figure1_elevation_summary,static_2025,2025.0,,1500-2499 m,4,,,15-64,population,285870013.31154823,people,
figure1_elevation_summary,static_2025,2025.0,,1500-2499 m,4,,,65+,population,28682125.52818836,people,
figure1_elevation_summary,static_2025,2025.0,,1500-2499 m,4,,,0-14,population_share,31.003982597830586,percent,
figure1_elevation_summary,static_2025,2025.0,,1500-2499 m,4,,,15-64,population_share,62.704683827475904,percent,
figure1_elevation_summary,static_2025,2025.0,,1500-2499 m,4,,,65+,population_share,6.291333574693518,percent,
figure1_elevation_summary,static_2025,2025.0,,1500-2499 m,4,,,,mean_age_approx,29.032939640838773,years,
figure1_elevation_summary,static_2025,2015.0,,2500-3499 m,5,,,,population,56167239.28340188,people,
figure1_elevation_summary,static_2025,2025.0,,2500-3499 m,5,,,,population,66072049.507163286,people,
figure1_elevation_summary,static_2025,,2015-2025,2500-3499 m,5,,,,population_growth,17.634497173316483,percent,
figure1_elevation_summary,static_2025,2025.0,,2500-3499 m,5,,,0-14,population,18963290.67414125,people,
figure1_elevation_summary,static_2025,2025.0,,2500-3499 m,5,,,15-64,population,42493828.40861637,people,
figure1_elevation_summary,static_2025,2025.0,,2500-3499 m,5,,,65+,population,4614930.424405666,people,
figure1_elevation_summary,static_2025,2025.0,,2500-3499 m,5,,,0-14,population_share,28.70092696622847,percent,
figure1_elevation_summary,static_2025,2025.0,,2500-3499 m,5,,,15-64,population_share,64.31437911428696,percent,
figure1_elevation_summary,static_2025,2025.0,,2500-3499 m,5,,,65+,population_share,6.984693919484567,percent,
figure1_elevation_summary,static_2025,2025.0,,2500-3499 m,5,,,,mean_age_approx,30.14157283809076,years,
figure1_elevation_summary,static_2025,2015.0,,>=3500 m,6,,,,population,11068280.054239174,people,
figure1_elevation_summary,static_2025,2025.0,,>=3500 m,6,,,,population,12096753.226757538,people,
figure1_elevation_summary,static_2025,,2015-2025,>=3500 m,6,,,,population_growth,9.29207760806934,percent,
figure1_elevation_summary,static_2025,2025.0,,>=3500 m,6,,,0-14,population,3083663.706089133,people,
figure1_elevation_summary,static_2025,2025.0,,>=3500 m,6,,,15-64,population,8102966.1528831795,people,
figure1_elevation_summary,static_2025,2025.0,,>=3500 m,6,,,65+,population,910123.3677852262,people,
figure1_elevation_summary,static_2025,2025.0,,>=3500 m,6,,,0-14,population_share,25.491664153883796,percent,
figure1_elevation_summary,static_2025,2025.0,,>=3500 m,6,,,15-64,population_share,66.98463629860399,percent,
figure1_elevation_summary,static_2025,2025.0,,>=3500 m,6,,,65+,population_share,7.523699547512215,percent,
figure1_elevation_summary,static_2025,2025.0,,>=3500 m,6,,,,mean_age_approx,31.942803923398237,years,
figure2_elevation_settlement,static_2025,2015.0,,100-499 m,2,Dense urban,5.0,,population,236721005.92654112,people,2015 population in 2025 settlement/elevation classes.
figure2_elevation_settlement,static_2025,2025.0,,100-499 m,2,Dense urban,5.0,,population,261204087.46353617,people,
figure2_elevation_settlement,static_2025,2025.0,,100-499 m,2,Dense urban,5.0,0-14,population,65989306.97859571,people,
figure2_elevation_settlement,static_2025,2025.0,,100-499 m,2,Dense urban,5.0,0-14,population_share,25.263504725134805,percent,
figure2_elevation_settlement,static_2025,,2015-2025,100-499 m,2,Dense urban,5.0,,population_growth,10.34258934527872,percent,
figure2_elevation_settlement,static_2025,2015.0,,100-499 m,2,Low-density rural,1.0,,population,693980652.7423395,people,2015 population in 2025 settlement/elevation classes.
figure2_elevation_settlement,static_2025,2025.0,,100-499 m,2,Low-density rural,1.0,,population,758285940.4715575,people,
figure2_elevation_settlement,static_2025,2025.0,,100-499 m,2,Low-density rural,1.0,0-14,population,198886693.30517533,people,
figure2_elevation_settlement,static_2025,2025.0,,100-499 m,2,Low-density rural,1.0,0-14,population_share,26.228455875298582,percent,
figure2_elevation_settlement,static_2025,,2015-2025,100-499 m,2,Low-density rural,1.0,,population_growth,9.266149924368744,percent,
figure2_elevation_settlement,static_2025,2015.0,,100-499 m,2,Peri-urban,3.0,,population,510064806.1158387,people,2015 population in 2025 settlement/elevation classes.
figure2_elevation_settlement,static_2025,2025.0,,100-499 m,2,Peri-urban,3.0,,population,563886902.82006,people,
figure2_elevation_settlement,static_2025,2025.0,,100-499 m,2,Peri-urban,3.0,0-14,population,138635882.53941083,people,
figure2_elevation_settlement,static_2025,2025.0,,100-499 m,2,Peri-urban,3.0,0-14,population_share,24.5857603441537,percent,
figure2_elevation_settlement,static_2025,,2015-2025,100-499 m,2,Peri-urban,3.0,,population_growth,10.552011442247592,percent,
figure2_elevation_settlement,static_2025,2015.0,,100-499 m,2,Rural cluster,2.0,,population,157275720.04897866,people,2015 population in 2025 settlement/elevation classes.
figure2_elevation_settlement,static_2025,2025.0,,100-499 m,2,Rural cluster,2.0,,population,176854603.2877641,people,
figure2_elevation_settlement,static_2025,2025.0,,100-499 m,2,Rural cluster,2.0,0-14,population,47253971.94019221,people,
figure2_elevation_settlement,static_2025,2025.0,,100-499 m,2,Rural cluster,2.0,0-14,population_share,26.71910770866631,percent,
figure2_elevation_settlement,static_2025,,2015-2025,100-499 m,2,Rural cluster,2.0,,population_growth,12.448764013090011,percent,
figure2_elevation_settlement,static_2025,2015.0,,100-499 m,2,Semi-dense urban,4.0,,population,77187993.42320059,people,2015 population in 2025 settlement/elevation classes.
figure2_elevation_settlement,static_2025,2025.0,,100-499 m,2,Semi-dense urban,4.0,,population,85219450.15201777,people,
figure2_elevation_settlement,static_2025,2025.0,,100-499 m,2,Semi-dense urban,4.0,0-14,population,21406932.0320616,people,
figure2_elevation_settlement,static_2025,2025.0,,100-499 m,2,Semi-dense urban,4.0,0-14,population_share,25.119772533001655,percent,
figure2_elevation_settlement,static_2025,,2015-2025,100-499 m,2,Semi-dense urban,4.0,,population_growth,10.405059611775249,percent,
figure2_elevation_settlement,static_2025,2015.0,,100-499 m,2,Urban centre,6.0,,population,797509213.4872794,people,2015 population in 2025 settlement/elevation classes.
figure2_elevation_settlement,static_2025,2025.0,,100-499 m,2,Urban centre,6.0,,population,883015374.311047,people,
figure2_elevation_settlement,static_2025,2025.0,,100-499 m,2,Urban centre,6.0,0-14,population,213828829.7440235,people,
figure2_elevation_settlement,static_2025,2025.0,,100-499 m,2,Urban centre,6.0,0-14,population_share,24.215753877542472,percent,
figure2_elevation_settlement,static_2025,,2015-2025,100-499 m,2,Urban centre,6.0,,population_growth,10.72165178504441,percent,
figure2_elevation_settlement,static_2025,2015.0,,1500-2499 m,4,Dense urban,5.0,,population,34279539.915141135,people,2015 population in 2025 settlement/elevation classes.
figure2_elevation_settlement,static_2025,2025.0,,1500-2499 m,4,Dense urban,5.0,,population,39820197.45976648,people,
figure2_elevation_settlement,static_2025,2025.0,,1500-2499 m,4,Dense urban,5.0,0-14,population,11938635.596387977,people,
figure2_elevation_settlement,static_2025,2025.0,,1500-2499 m,4,Dense urban,5.0,0-14,population_share,29.98135709510364,percent,
figure2_elevation_settlement,static_2025,,2015-2025,1500-2499 m,4,Dense urban,5.0,,population_growth,16.163161927905733,percent,
figure2_elevation_settlement,static_2025,2015.0,,1500-2499 m,4,Low-density rural,1.0,,population,108266222.34269328,people,2015 population in 2025 settlement/elevation classes.
figure2_elevation_settlement,static_2025,2025.0,,1500-2499 m,4,Low-density rural,1.0,,population,127603905.5665947,people,
figure2_elevation_settlement,static_2025,2025.0,,1500-2499 m,4,Low-density rural,1.0,0-14,population,43382701.90398429,people,
figure2_elevation_settlement,static_2025,2025.0,,1500-2499 m,4,Low-density rural,1.0,0-14,population_share,33.99794207814703,percent,
figure2_elevation_settlement,static_2025,,2015-2025,1500-2499 m,4,Low-density rural,1.0,,population_growth,17.8612339153131,percent,
figure2_elevation_settlement,static_2025,2015.0,,1500-2499 m,4,Peri-urban,3.0,,population,83947042.53149958,people,2015 population in 2025 settlement/elevation classes.
figure2_elevation_settlement,static_2025,2025.0,,1500-2499 m,4,Peri-urban,3.0,,population,101853483.82040048,people,
figure2_elevation_settlement,static_2025,2025.0,,1500-2499 m,4,Peri-urban,3.0,0-14,population,35142194.1341093,people,
figure2_elevation_settlement,static_2025,2025.0,,1500-2499 m,4,Peri-urban,3.0,0-14,population_share,34.50269231445826,percent,
figure2_elevation_settlement,static_2025,,2015-2025,1500-2499 m,4,Peri-urban,3.0,,population_growth,21.330639828296317,percent,
figure2_elevation_settlement,static_2025,2015.0,,1500-2499 m,4,Rural cluster,2.0,,population,19030523.38120549,people,2015 population in 2025 settlement/elevation classes.
figure2_elevation_settlement,static_2025,2025.0,,1500-2499 m,4,Rural cluster,2.0,,population,22619661.67369092,people,
figure2_elevation_settlement,static_2025,2025.0,,1500-2499 m,4,Rural cluster,2.0,0-14,population,7155189.449831633,people,
figure2_elevation_settlement,static_2025,2025.0,,1500-2499 m,4,Rural cluster,2.0,0-14,population_share,31.632610394672177,percent,
figure2_elevation_settlement,static_2025,,2015-2025,1500-2499 m,4,Rural cluster,2.0,,population_growth,18.85990322278815,percent,
figure2_elevation_settlement,static_2025,2015.0,,1500-2499 m,4,Semi-dense urban,4.0,,population,11639370.557832023,people,2015 population in 2025 settlement/elevation classes.
figure2_elevation_settlement,static_2025,2025.0,,1500-2499 m,4,Semi-dense urban,4.0,,population,14153355.449735878,people,
figure2_elevation_settlement,static_2025,2025.0,,1500-2499 m,4,Semi-dense urban,4.0,0-14,population,4939099.774718037,people,
figure2_elevation_settlement,static_2025,2025.0,,1500-2499 m,4,Semi-dense urban,4.0,0-14,population_share,34.89702348152506,percent,
figure2_elevation_settlement,static_2025,,2015-2025,1500-2499 m,4,Semi-dense urban,4.0,,population_growth,21.598976331346528,percent,
figure2_elevation_settlement,static_2025,2015.0,,1500-2499 m,4,Urban centre,6.0,,population,130770663.5184279,people,2015 population in 2025 settlement/elevation classes.
figure2_elevation_settlement,static_2025,2025.0,,1500-2499 m,4,Urban centre,6.0,,population,149825693.1878279,people,
figure2_elevation_settlement,static_2025,2025.0,,1500-2499 m,4,Urban centre,6.0,0-14,population,38782748.643174656,people,
figure2_elevation_settlement,static_2025,2025.0,,1500-2499 m,4,Urban centre,6.0,0-14,population_share,25.885245593060564,percent,
figure2_elevation_settlement,static_2025,,2015-2025,1500-2499 m,4,Urban centre,6.0,,population_growth,14.57133362844397,percent,
figure2_elevation_settlement,static_2025,2015.0,,2500-3499 m,5,Dense urban,5.0,,population,4725668.456841031,people,2015 population in 2025 settlement/elevation classes.
figure2_elevation_settlement,static_2025,2025.0,,2500-3499 m,5,Dense urban,5.0,,population,5437144.0962532135,people,
figure2_elevation_settlement,static_2025,2025.0,,2500-3499 m,5,Dense urban,5.0,0-14,population,1575607.0053249572,people,
figure2_elevation_settlement,static_2025,2025.0,,2500-3499 m,5,Dense urban,5.0,0-14,population_share,28.9785773088251,percent,
figure2_elevation_settlement,static_2025,,2015-2025,2500-3499 m,5,Dense urban,5.0,,population_growth,15.055555545421878,percent,
figure2_elevation_settlement,static_2025,2015.0,,2500-3499 m,5,Low-density rural,1.0,,population,17492813.53818008,people,2015 population in 2025 settlement/elevation classes.
figure2_elevation_settlement,static_2025,2025.0,,2500-3499 m,5,Low-density rural,1.0,,population,20701170.08041541,people,
figure2_elevation_settlement,static_2025,2025.0,,2500-3499 m,5,Low-density rural,1.0,0-14,population,7005946.87211611,people,
figure2_elevation_settlement,static_2025,2025.0,,2500-3499 m,5,Low-density rural,1.0,0-14,population_share,33.84324096126417,percent,
figure2_elevation_settlement,static_2025,,2015-2025,2500-3499 m,5,Low-density rural,1.0,,population_growth,18.340997777359956,percent,
figure2_elevation_settlement,static_2025,2015.0,,2500-3499 m,5,Peri-urban,3.0,,population,9458726.873348713,people,2015 population in 2025 settlement/elevation classes.
figure2_elevation_settlement,static_2025,2025.0,,2500-3499 m,5,Peri-urban,3.0,,population,11701885.34603407,people,
figure2_elevation_settlement,static_2025,2025.0,,2500-3499 m,5,Peri-urban,3.0,0-14,population,3993182.7758771977,people,
figure2_elevation_settlement,static_2025,2025.0,,2500-3499 m,5,Peri-urban,3.0,0-14,population_share,34.12426850713028,percent,
figure2_elevation_settlement,static_2025,,2015-2025,2500-3499 m,5,Peri-urban,3.0,,population_growth,23.71522618975045,percent,
figure2_elevation_settlement,static_2025,2015.0,,2500-3499 m,5,Rural cluster,2.0,,population,2881025.0149474433,people,2015 population in 2025 settlement/elevation classes.
figure2_elevation_settlement,static_2025,2025.0,,2500-3499 m,5,Rural cluster,2.0,,population,3415311.4071736857,people,
figure2_elevation_settlement,static_2025,2025.0,,2500-3499 m,5,Rural cluster,2.0,0-14,population,1057983.989307374,people,
figure2_elevation_settlement,static_2025,2025.0,,2500-3499 m,5,Rural cluster,2.0,0-14,population_share,30.97767269728708,percent,
figure2_elevation_settlement,static_2025,,2015-2025,2500-3499 m,5,Rural cluster,2.0,,population_growth,18.54501052417933,percent,
figure2_elevation_settlement,static_2025,2015.0,,2500-3499 m,5,Semi-dense urban,4.0,,population,1012373.0429746244,people,2015 population in 2025 settlement/elevation classes.
figure2_elevation_settlement,static_2025,2025.0,,2500-3499 m,5,Semi-dense urban,4.0,,population,1229552.1148995997,people,
figure2_elevation_settlement,static_2025,2025.0,,2500-3499 m,5,Semi-dense urban,4.0,0-14,population,408876.2954067749,people,
figure2_elevation_settlement,static_2025,2025.0,,2500-3499 m,5,Semi-dense urban,4.0,0-14,population_share,33.25408418659522,percent,
figure2_elevation_settlement,static_2025,,2015-2025,2500-3499 m,5,Semi-dense urban,4.0,,population_growth,21.45247479988645,percent,
figure2_elevation_settlement,static_2025,2015.0,,2500-3499 m,5,Urban centre,6.0,,population,20594500.52847592,people,2015 population in 2025 settlement/elevation classes.
figure2_elevation_settlement,static_2025,2025.0,,2500-3499 m,5,Urban centre,6.0,,population,23584658.50360452,people,
figure2_elevation_settlement,static_2025,2025.0,,2500-3499 m,5,Urban centre,6.0,0-14,population,4921067.292096502,people,
figure2_elevation_settlement,static_2025,2025.0,,2500-3499 m,5,Urban centre,6.0,0-14,population_share,20.865543977854927,percent,
figure2_elevation_settlement,static_2025,,2015-2025,2500-3499 m,5,Urban centre,6.0,,population_growth,14.51920609093736,percent,
figure2_elevation_settlement,static_2025,2015.0,,500-1499 m,3,Dense urban,5.0,,population,110426217.71107727,people,2015 population in 2025 settlement/elevation classes.
figure2_elevation_settlement,static_2025,2025.0,,500-1499 m,3,Dense urban,5.0,,population,125488800.62610844,people,
figure2_elevation_settlement,static_2025,2025.0,,500-1499 m,3,Dense urban,5.0,0-14,population,34566607.137098484,people,
figure2_elevation_settlement,static_2025,2025.0,,500-1499 m,3,Dense urban,5.0,0-14,population_share,27.545571369423676,percent,
figure2_elevation_settlement,static_2025,,2015-2025,500-1499 m,3,Dense urban,5.0,,population_growth,13.640404631481063,percent,
figure2_elevation_settlement,static_2025,2015.0,,500-1499 m,3,Low-density rural,1.0,,population,394904317.9306954,people,2015 population in 2025 settlement/elevation classes.
figure2_elevation_settlement,static_2025,2025.0,,500-1499 m,3,Low-density rural,1.0,,population,452536823.5125617,people,
figure2_elevation_settlement,static_2025,2025.0,,500-1499 m,3,Low-density rural,1.0,0-14,population,138664395.52703762,people,
figure2_elevation_settlement,static_2025,2025.0,,500-1499 m,3,Low-density rural,1.0,0-14,population_share,30.6415717622123,percent,
figure2_elevation_settlement,static_2025,,2015-2025,500-1499 m,3,Low-density rural,1.0,,population_growth,14.594042902306429,percent,
figure2_elevation_settlement,static_2025,2015.0,,500-1499 m,3,Peri-urban,3.0,,population,220057183.68083552,people,2015 population in 2025 settlement/elevation classes.
figure2_elevation_settlement,static_2025,2025.0,,500-1499 m,3,Peri-urban,3.0,,population,254611295.8341173,people,
figure2_elevation_settlement,static_2025,2025.0,,500-1499 m,3,Peri-urban,3.0,0-14,population,74007005.59637411,people,
figure2_elevation_settlement,static_2025,2025.0,,500-1499 m,3,Peri-urban,3.0,0-14,population_share,29.066662323022257,percent,
figure2_elevation_settlement,static_2025,,2015-2025,500-1499 m,3,Peri-urban,3.0,,population_growth,15.702333173271022,percent,
figure2_elevation_settlement,static_2025,2015.0,,500-1499 m,3,Rural cluster,2.0,,population,78484478.20474386,people,2015 population in 2025 settlement/elevation classes.
figure2_elevation_settlement,static_2025,2025.0,,500-1499 m,3,Rural cluster,2.0,,population,91208812.24806409,people,
figure2_elevation_settlement,static_2025,2025.0,,500-1499 m,3,Rural cluster,2.0,0-14,population,26855126.7687106,people,
figure2_elevation_settlement,static_2025,2025.0,,500-1499 m,3,Rural cluster,2.0,0-14,population_share,29.443565930528383,percent,
figure2_elevation_settlement,static_2025,,2015-2025,500-1499 m,3,Rural cluster,2.0,,population_growth,16.212548435534,percent,
figure2_elevation_settlement,static_2025,2015.0,,500-1499 m,3,Semi-dense urban,4.0,,population,28760537.91542685,people,2015 population in 2025 settlement/elevation classes.
figure2_elevation_settlement,static_2025,2025.0,,500-1499 m,3,Semi-dense urban,4.0,,population,33262792.702448983,people,
figure2_elevation_settlement,static_2025,2025.0,,500-1499 m,3,Semi-dense urban,4.0,0-14,population,9872814.265892567,people,
figure2_elevation_settlement,static_2025,2025.0,,500-1499 m,3,Semi-dense urban,4.0,0-14,population_share,29.681254830914057,percent,
figure2_elevation_settlement,static_2025,,2015-2025,500-1499 m,3,Semi-dense urban,4.0,,population_growth,15.654278790826002,percent,
figure2_elevation_settlement,static_2025,2015.0,,500-1499 m,3,Urban centre,6.0,,population,409972123.6643691,people,2015 population in 2025 settlement/elevation classes.
figure2_elevation_settlement,static_2025,2025.0,,500-1499 m,3,Urban centre,6.0,,population,463047735.51606333,people,
figure2_elevation_settlement,static_2025,2025.0,,500-1499 m,3,Urban centre,6.0,0-14,population,115049678.44416416,people,
figure2_elevation_settlement,static_2025,2025.0,,500-1499 m,3,Urban centre,6.0,0-14,population_share,24.846180991672952,percent,
figure2_elevation_settlement,static_2025,,2015-2025,500-1499 m,3,Urban centre,6.0,,population_growth,12.94615140515258,percent,
figure2_elevation_settlement,static_2025,2015.0,,<100 m,1,Dense urban,5.0,,population,303966979.92735285,people,2015 population in 2025 settlement/elevation classes.
figure2_elevation_settlement,static_2025,2025.0,,<100 m,1,Dense urban,5.0,,population,329455828.41210157,people,
figure2_elevation_settlement,static_2025,2025.0,,<100 m,1,Dense urban,5.0,0-14,population,76026561.51942791,people,
figure2_elevation_settlement,static_2025,2025.0,,<100 m,1,Dense urban,5.0,0-14,population_share,23.07640507859818,percent,
figure2_elevation_settlement,static_2025,,2015-2025,<100 m,1,Dense urban,5.0,,population_growth,8.385400444101025,percent,
figure2_elevation_settlement,static_2025,2015.0,,<100 m,1,Low-density rural,1.0,,population,443549060.98496056,people,2015 population in 2025 settlement/elevation classes.
figure2_elevation_settlement,static_2025,2025.0,,<100 m,1,Low-density rural,1.0,,population,477621690.95293105,people,
figure2_elevation_settlement,static_2025,2025.0,,<100 m,1,Low-density rural,1.0,0-14,population,110026603.6053769,people,
figure2_elevation_settlement,static_2025,2025.0,,<100 m,1,Low-density rural,1.0,0-14,population_share,23.036349832826136,percent,
figure2_elevation_settlement,static_2025,,2015-2025,<100 m,1,Low-density rural,1.0,,population_growth,7.681817630795479,percent,
figure2_elevation_settlement,static_2025,2015.0,,<100 m,1,Peri-urban,3.0,,population,670246378.6795845,people,2015 population in 2025 settlement/elevation classes.
figure2_elevation_settlement,static_2025,2025.0,,<100 m,1,Peri-urban,3.0,,population,725376542.4954845,people,
figure2_elevation_settlement,static_2025,2025.0,,<100 m,1,Peri-urban,3.0,0-14,population,166952013.82499573,people,
figure2_elevation_settlement,static_2025,2025.0,,<100 m,1,Peri-urban,3.0,0-14,population_share,23.015910226520045,percent,
figure2_elevation_settlement,static_2025,,2015-2025,<100 m,1,Peri-urban,3.0,,population_growth,8.22535795337065,percent,
figure2_elevation_settlement,static_2025,2015.0,,<100 m,1,Rural cluster,2.0,,population,85732494.21051188,people,2015 population in 2025 settlement/elevation classes.
figure2_elevation_settlement,static_2025,2025.0,,<100 m,1,Rural cluster,2.0,,population,93386928.22265668,people,
figure2_elevation_settlement,static_2025,2025.0,,<100 m,1,Rural cluster,2.0,0-14,population,21902774.480675172,people,
figure2_elevation_settlement,static_2025,2025.0,,<100 m,1,Rural cluster,2.0,0-14,population_share,23.45379047959875,percent,
figure2_elevation_settlement,static_2025,,2015-2025,<100 m,1,Rural cluster,2.0,,population_growth,8.9282763578167,percent,
figure2_elevation_settlement,static_2025,2015.0,,<100 m,1,Semi-dense urban,4.0,,population,83886397.08637431,people,2015 population in 2025 settlement/elevation classes.
figure2_elevation_settlement,static_2025,2025.0,,<100 m,1,Semi-dense urban,4.0,,population,90377370.2311169,people,
figure2_elevation_settlement,static_2025,2025.0,,<100 m,1,Semi-dense urban,4.0,0-14,population,20849735.84953771,people,
figure2_elevation_settlement,static_2025,2025.0,,<100 m,1,Semi-dense urban,4.0,0-14,population_share,23.069642097595747,percent,
figure2_elevation_settlement,static_2025,,2015-2025,<100 m,1,Semi-dense urban,4.0,,population_growth,7.737813722121252,percent,
figure2_elevation_settlement,static_2025,2015.0,,<100 m,1,Urban centre,6.0,,population,1665612847.066712,people,2015 population in 2025 settlement/elevation classes.
figure2_elevation_settlement,static_2025,2025.0,,<100 m,1,Urban centre,6.0,,population,1794846736.5257514,people,
figure2_elevation_settlement,static_2025,2025.0,,<100 m,1,Urban centre,6.0,0-14,population,367640060.111644,people,
figure2_elevation_settlement,static_2025,2025.0,,<100 m,1,Urban centre,6.0,0-14,population_share,20.483089315095366,percent,
figure2_elevation_settlement,static_2025,,2015-2025,<100 m,1,Urban centre,6.0,,population_growth,7.758939280915819,percent,
figure2_elevation_settlement,static_2025,2015.0,,>=3500 m,6,Dense urban,5.0,,population,1271768.941425761,people,2015 population in 2025 settlement/elevation classes.
figure2_elevation_settlement,static_2025,2025.0,,>=3500 m,6,Dense urban,5.0,,population,1336206.0353885868,people,
figure2_elevation_settlement,static_2025,2025.0,,>=3500 m,6,Dense urban,5.0,0-14,population,348604.2747362802,people,
figure2_elevation_settlement,static_2025,2025.0,,>=3500 m,6,Dense urban,5.0,0-14,population_share,26.0891109232942,percent,
figure2_elevation_settlement,static_2025,,2015-2025,>=3500 m,6,Dense urban,5.0,,population_growth,5.0667296443476895,percent,
figure2_elevation_settlement,static_2025,2015.0,,>=3500 m,6,Low-density rural,1.0,,population,4354097.0635296935,people,2015 population in 2025 settlement/elevation classes.
figure2_elevation_settlement,static_2025,2025.0,,>=3500 m,6,Low-density rural,1.0,,population,4810843.154273544,people,
figure2_elevation_settlement,static_2025,2025.0,,>=3500 m,6,Low-density rural,1.0,0-14,population,1261361.744625918,people,
figure2_elevation_settlement,static_2025,2025.0,,>=3500 m,6,Low-density rural,1.0,0-14,population_share,26.219140890208227,percent,
figure2_elevation_settlement,static_2025,,2015-2025,>=3500 m,6,Low-density rural,1.0,,population_growth,10.490030058576256,percent,
figure2_elevation_settlement,static_2025,2015.0,,>=3500 m,6,Peri-urban,3.0,,population,757835.3546815229,people,2015 population in 2025 settlement/elevation classes.
figure2_elevation_settlement,static_2025,2025.0,,>=3500 m,6,Peri-urban,3.0,,population,813643.3083310619,people,
figure2_elevation_settlement,static_2025,2025.0,,>=3500 m,6,Peri-urban,3.0,0-14,population,193251.1675521388,people,
figure2_elevation_settlement,static_2025,2025.0,,>=3500 m,6,Peri-urban,3.0,0-14,population_share,23.751337419407275,percent,
figure2_elevation_settlement,static_2025,,2015-2025,>=3500 m,6,Peri-urban,3.0,,population_growth,7.364126429940969,percent,
figure2_elevation_settlement,static_2025,2015.0,,>=3500 m,6,Rural cluster,2.0,,population,1221666.437914577,people,2015 population in 2025 settlement/elevation classes.
figure2_elevation_settlement,static_2025,2025.0,,>=3500 m,6,Rural cluster,2.0,,population,1304417.4921946377,people,
figure2_elevation_settlement,static_2025,2025.0,,>=3500 m,6,Rural cluster,2.0,0-14,population,334581.02394085604,people,
figure2_elevation_settlement,static_2025,2025.0,,>=3500 m,6,Rural cluster,2.0,0-14,population_share,25.64984185990445,percent,
figure2_elevation_settlement,static_2025,,2015-2025,>=3500 m,6,Rural cluster,2.0,,population_growth,6.773620991120883,percent,
figure2_elevation_settlement,static_2025,2015.0,,>=3500 m,6,Semi-dense urban,4.0,,population,271269.39137855073,people,2015 population in 2025 settlement/elevation classes.
figure2_elevation_settlement,static_2025,2025.0,,>=3500 m,6,Semi-dense urban,4.0,,population,279843.4656149994,people,
figure2_elevation_settlement,static_2025,2025.0,,>=3500 m,6,Semi-dense urban,4.0,0-14,population,69879.50509453642,people,
figure2_elevation_settlement,static_2025,2025.0,,>=3500 m,6,Semi-dense urban,4.0,0-14,population_share,24.970926135782864,percent,
figure2_elevation_settlement,static_2025,,2015-2025,>=3500 m,6,Semi-dense urban,4.0,,population_growth,3.160723070478578,percent,
figure2_elevation_settlement,static_2025,2015.0,,>=3500 m,6,Urban centre,6.0,,population,3188748.9220830686,people,2015 population in 2025 settlement/elevation classes.
figure2_elevation_settlement,static_2025,2025.0,,>=3500 m,6,Urban centre,6.0,,population,3548622.3471834026,people,
figure2_elevation_settlement,static_2025,2025.0,,>=3500 m,6,Urban centre,6.0,0-14,population,875196.5264745075,people,
figure2_elevation_settlement,static_2025,2025.0,,>=3500 m,6,Urban centre,6.0,0-14,population_share,24.662994279150745,percent,
figure2_elevation_settlement,static_2025,,2015-2025,>=3500 m,6,Urban centre,6.0,,population_growth,11.285724711911298,percent,
dynamic_static_growth_comparison,static_2025,,2015-2025,100-499 m,2,Dense urban,5.0,,population_growth,10.34258934527872,percent,
dynamic_static_growth_comparison,dynamic,,2015-2025,100-499 m,2,Dense urban,5.0,,population_growth,12.431015144809638,percent,
dynamic_static_growth_comparison,dynamic_minus_static_2025,,2015-2025,100-499 m,2,Dense urban,5.0,,growth_difference,2.088425799530917,percentage points,
dynamic_static_growth_comparison,static_2025,2015.0,,100-499 m,2,Dense urban,5.0,,population_denominator,236721005.92654112,people,
dynamic_static_growth_comparison,static_2025,,2015-2025,100-499 m,2,Low-density rural,1.0,,population_growth,9.266149924368744,percent,
dynamic_static_growth_comparison,dynamic,,2015-2025,100-499 m,2,Low-density rural,1.0,,population_growth,-2.075540478323221,percent,
dynamic_static_growth_comparison,dynamic_minus_static_2025,,2015-2025,100-499 m,2,Low-density rural,1.0,,growth_difference,-11.341690402691963,percentage points,
dynamic_static_growth_comparison,static_2025,2015.0,,100-499 m,2,Low-density rural,1.0,,population_denominator,693980652.7423395,people,
dynamic_static_growth_comparison,static_2025,,2015-2025,100-499 m,2,Peri-urban,3.0,,population_growth,10.552011442247592,percent,
dynamic_static_growth_comparison,dynamic,,2015-2025,100-499 m,2,Peri-urban,3.0,,population_growth,22.856566295936652,percent,
dynamic_static_growth_comparison,dynamic_minus_static_2025,,2015-2025,100-499 m,2,Peri-urban,3.0,,growth_difference,12.30455485368906,percentage points,
dynamic_static_growth_comparison,static_2025,2015.0,,100-499 m,2,Peri-urban,3.0,,population_denominator,510064806.1158387,people,
dynamic_static_growth_comparison,static_2025,,2015-2025,100-499 m,2,Rural cluster,2.0,,population_growth,12.448764013090011,percent,
dynamic_static_growth_comparison,dynamic,,2015-2025,100-499 m,2,Rural cluster,2.0,,population_growth,5.87306763345842,percent,
dynamic_static_growth_comparison,dynamic_minus_static_2025,,2015-2025,100-499 m,2,Rural cluster,2.0,,growth_difference,-6.575696379631592,percentage points,
dynamic_static_growth_comparison,static_2025,2015.0,,100-499 m,2,Rural cluster,2.0,,population_denominator,157275720.04897866,people,
dynamic_static_growth_comparison,static_2025,,2015-2025,100-499 m,2,Semi-dense urban,4.0,,population_growth,10.405059611775249,percent,
dynamic_static_growth_comparison,dynamic,,2015-2025,100-499 m,2,Semi-dense urban,4.0,,population_growth,30.94164480027497,percent,
dynamic_static_growth_comparison,dynamic_minus_static_2025,,2015-2025,100-499 m,2,Semi-dense urban,4.0,,growth_difference,20.53658518849972,percentage points,
dynamic_static_growth_comparison,static_2025,2015.0,,100-499 m,2,Semi-dense urban,4.0,,population_denominator,77187993.42320059,people,
dynamic_static_growth_comparison,static_2025,,2015-2025,100-499 m,2,Urban centre,6.0,,population_growth,10.72165178504441,percent,
dynamic_static_growth_comparison,dynamic,,2015-2025,100-499 m,2,Urban centre,6.0,,population_growth,13.722975939591814,percent,
dynamic_static_growth_comparison,dynamic_minus_static_2025,,2015-2025,100-499 m,2,Urban centre,6.0,,growth_difference,3.0013241545474045,percentage points,
dynamic_static_growth_comparison,static_2025,2015.0,,100-499 m,2,Urban centre,6.0,,population_denominator,797509213.4872794,people,
dynamic_static_growth_comparison,static_2025,,2015-2025,1500-2499 m,4,Dense urban,5.0,,population_growth,16.163161927905733,percent,
dynamic_static_growth_comparison,dynamic,,2015-2025,1500-2499 m,4,Dense urban,5.0,,population_growth,21.355712989929792,percent,
dynamic_static_growth_comparison,dynamic_minus_static_2025,,2015-2025,1500-2499 m,4,Dense urban,5.0,,growth_difference,5.192551062024059,percentage points,
dynamic_static_growth_comparison,static_2025,2015.0,,1500-2499 m,4,Dense urban,5.0,,population_denominator,34279539.915141135,people,
dynamic_static_growth_comparison,static_2025,,2015-2025,1500-2499 m,4,Low-density rural,1.0,,population_growth,17.8612339153131,percent,
dynamic_static_growth_comparison,dynamic,,2015-2025,1500-2499 m,4,Low-density rural,1.0,,population_growth,-0.6795125357059172,percent,
dynamic_static_growth_comparison,dynamic_minus_static_2025,,2015-2025,1500-2499 m,4,Low-density rural,1.0,,growth_difference,-18.540746451019015,percentage points,
dynamic_static_growth_comparison,static_2025,2015.0,,1500-2499 m,4,Low-density rural,1.0,,population_denominator,108266222.34269328,people,
dynamic_static_growth_comparison,static_2025,,2015-2025,1500-2499 m,4,Peri-urban,3.0,,population_growth,21.330639828296317,percent,
dynamic_static_growth_comparison,dynamic,,2015-2025,1500-2499 m,4,Peri-urban,3.0,,population_growth,44.34856409603602,percent,
dynamic_static_growth_comparison,dynamic_minus_static_2025,,2015-2025,1500-2499 m,4,Peri-urban,3.0,,growth_difference,23.017924267739705,percentage points,
dynamic_static_growth_comparison,static_2025,2015.0,,1500-2499 m,4,Peri-urban,3.0,,population_denominator,83947042.53149958,people,
dynamic_static_growth_comparison,static_2025,,2015-2025,1500-2499 m,4,Rural cluster,2.0,,population_growth,18.85990322278815,percent,
dynamic_static_growth_comparison,dynamic,,2015-2025,1500-2499 m,4,Rural cluster,2.0,,population_growth,13.049948426064804,percent,
dynamic_static_growth_comparison,dynamic_minus_static_2025,,2015-2025,1500-2499 m,4,Rural cluster,2.0,,growth_difference,-5.809954796723348,percentage points,
dynamic_static_growth_comparison,static_2025,2015.0,,1500-2499 m,4,Rural cluster,2.0,,population_denominator,19030523.38120549,people,
dynamic_static_growth_comparison,static_2025,,2015-2025,1500-2499 m,4,Semi-dense urban,4.0,,population_growth,21.598976331346528,percent,
dynamic_static_growth_comparison,dynamic,,2015-2025,1500-2499 m,4,Semi-dense urban,4.0,,population_growth,54.585923873298135,percent,
dynamic_static_growth_comparison,dynamic_minus_static_2025,,2015-2025,1500-2499 m,4,Semi-dense urban,4.0,,growth_difference,32.98694754195161,percentage points,
dynamic_static_growth_comparison,static_2025,2015.0,,1500-2499 m,4,Semi-dense urban,4.0,,population_denominator,11639370.557832023,people,
dynamic_static_growth_comparison,static_2025,,2015-2025,1500-2499 m,4,Urban centre,6.0,,population_growth,14.57133362844397,percent,
dynamic_static_growth_comparison,dynamic,,2015-2025,1500-2499 m,4,Urban centre,6.0,,population_growth,17.049100559115494,percent,
dynamic_static_growth_comparison,dynamic_minus_static_2025,,2015-2025,1500-2499 m,4,Urban centre,6.0,,growth_difference,2.4777669306715246,percentage points,
dynamic_static_growth_comparison,static_2025,2015.0,,1500-2499 m,4,Urban centre,6.0,,population_denominator,130770663.5184279,people,
dynamic_static_growth_comparison,static_2025,,2015-2025,2500-3499 m,5,Dense urban,5.0,,population_growth,15.055555545421878,percent,
dynamic_static_growth_comparison,dynamic,,2015-2025,2500-3499 m,5,Dense urban,5.0,,population_growth,22.63991476620831,percent,
dynamic_static_growth_comparison,dynamic_minus_static_2025,,2015-2025,2500-3499 m,5,Dense urban,5.0,,growth_difference,7.584359220786435,percentage points,
dynamic_static_growth_comparison,static_2025,2015.0,,2500-3499 m,5,Dense urban,5.0,,population_denominator,4725668.456841031,people,
dynamic_static_growth_comparison,static_2025,,2015-2025,2500-3499 m,5,Low-density rural,1.0,,population_growth,18.340997777359956,percent,
dynamic_static_growth_comparison,dynamic,,2015-2025,2500-3499 m,5,Low-density rural,1.0,,population_growth,-2.4584788170660277,percent,
dynamic_static_growth_comparison,dynamic_minus_static_2025,,2015-2025,2500-3499 m,5,Low-density rural,1.0,,growth_difference,-20.799476594425983,percentage points,
dynamic_static_growth_comparison,static_2025,2015.0,,2500-3499 m,5,Low-density rural,1.0,,population_denominator,17492813.53818008,people,
dynamic_static_growth_comparison,static_2025,,2015-2025,2500-3499 m,5,Peri-urban,3.0,,population_growth,23.71522618975045,percent,
dynamic_static_growth_comparison,dynamic,,2015-2025,2500-3499 m,5,Peri-urban,3.0,,population_growth,83.6621700139043,percent,
dynamic_static_growth_comparison,dynamic_minus_static_2025,,2015-2025,2500-3499 m,5,Peri-urban,3.0,,growth_difference,59.946943824153855,percentage points,
dynamic_static_growth_comparison,static_2025,2015.0,,2500-3499 m,5,Peri-urban,3.0,,population_denominator,9458726.873348713,people,
dynamic_static_growth_comparison,static_2025,,2015-2025,2500-3499 m,5,Rural cluster,2.0,,population_growth,18.54501052417933,percent,
dynamic_static_growth_comparison,dynamic,,2015-2025,2500-3499 m,5,Rural cluster,2.0,,population_growth,11.417970367855604,percent,
dynamic_static_growth_comparison,dynamic_minus_static_2025,,2015-2025,2500-3499 m,5,Rural cluster,2.0,,growth_difference,-7.127040156323725,percentage points,
dynamic_static_growth_comparison,static_2025,2015.0,,2500-3499 m,5,Rural cluster,2.0,,population_denominator,2881025.0149474433,people,
dynamic_static_growth_comparison,static_2025,,2015-2025,2500-3499 m,5,Semi-dense urban,4.0,,population_growth,21.45247479988645,percent,
dynamic_static_growth_comparison,dynamic,,2015-2025,2500-3499 m,5,Semi-dense urban,4.0,,population_growth,56.52578397549611,percent,
dynamic_static_growth_comparison,dynamic_minus_static_2025,,2015-2025,2500-3499 m,5,Semi-dense urban,4.0,,growth_difference,35.073309175609666,percentage points,
dynamic_static_growth_comparison,static_2025,2015.0,,2500-3499 m,5,Semi-dense urban,4.0,,population_denominator,1012373.0429746244,people,
dynamic_static_growth_comparison,static_2025,,2015-2025,2500-3499 m,5,Urban centre,6.0,,population_growth,14.51920609093736,percent,
dynamic_static_growth_comparison,dynamic,,2015-2025,2500-3499 m,5,Urban centre,6.0,,population_growth,16.590879117421665,percent,
dynamic_static_growth_comparison,dynamic_minus_static_2025,,2015-2025,2500-3499 m,5,Urban centre,6.0,,growth_difference,2.071673026484305,percentage points,
dynamic_static_growth_comparison,static_2025,2015.0,,2500-3499 m,5,Urban centre,6.0,,population_denominator,20594500.52847592,people,
dynamic_static_growth_comparison,static_2025,,2015-2025,500-1499 m,3,Dense urban,5.0,,population_growth,13.640404631481063,percent,
dynamic_static_growth_comparison,dynamic,,2015-2025,500-1499 m,3,Dense urban,5.0,,population_growth,15.11472013027828,percent,
dynamic_static_growth_comparison,dynamic_minus_static_2025,,2015-2025,500-1499 m,3,Dense urban,5.0,,growth_difference,1.4743154987972158,percentage points,
dynamic_static_growth_comparison,static_2025,2015.0,,500-1499 m,3,Dense urban,5.0,,population_denominator,110426217.71107727,people,
dynamic_static_growth_comparison,static_2025,,2015-2025,500-1499 m,3,Low-density rural,1.0,,population_growth,14.594042902306429,percent,
dynamic_static_growth_comparison,dynamic,,2015-2025,500-1499 m,3,Low-density rural,1.0,,population_growth,3.074569815189961,percent,
dynamic_static_growth_comparison,dynamic_minus_static_2025,,2015-2025,500-1499 m,3,Low-density rural,1.0,,growth_difference,-11.519473087116468,percentage points,
dynamic_static_growth_comparison,static_2025,2015.0,,500-1499 m,3,Low-density rural,1.0,,population_denominator,394904317.9306954,people,
dynamic_static_growth_comparison,static_2025,,2015-2025,500-1499 m,3,Peri-urban,3.0,,population_growth,15.702333173271022,percent,
dynamic_static_growth_comparison,dynamic,,2015-2025,500-1499 m,3,Peri-urban,3.0,,population_growth,32.73074754217623,percent,
dynamic_static_growth_comparison,dynamic_minus_static_2025,,2015-2025,500-1499 m,3,Peri-urban,3.0,,growth_difference,17.02841436890521,percentage points,
dynamic_static_growth_comparison,static_2025,2015.0,,500-1499 m,3,Peri-urban,3.0,,population_denominator,220057183.68083552,people,
dynamic_static_growth_comparison,static_2025,,2015-2025,500-1499 m,3,Rural cluster,2.0,,population_growth,16.212548435534,percent,
dynamic_static_growth_comparison,dynamic,,2015-2025,500-1499 m,3,Rural cluster,2.0,,population_growth,11.655570027563815,percent,
dynamic_static_growth_comparison,dynamic_minus_static_2025,,2015-2025,500-1499 m,3,Rural cluster,2.0,,growth_difference,-4.556978407970183,percentage points,
dynamic_static_growth_comparison,static_2025,2015.0,,500-1499 m,3,Rural cluster,2.0,,population_denominator,78484478.20474386,people,
dynamic_static_growth_comparison,static_2025,,2015-2025,500-1499 m,3,Semi-dense urban,4.0,,population_growth,15.654278790826002,percent,
dynamic_static_growth_comparison,dynamic,,2015-2025,500-1499 m,3,Semi-dense urban,4.0,,population_growth,36.15326638041237,percent,
dynamic_static_growth_comparison,dynamic_minus_static_2025,,2015-2025,500-1499 m,3,Semi-dense urban,4.0,,growth_difference,20.498987589586367,percentage points,
dynamic_static_growth_comparison,static_2025,2015.0,,500-1499 m,3,Semi-dense urban,4.0,,population_denominator,28760537.91542685,people,
dynamic_static_growth_comparison,static_2025,,2015-2025,500-1499 m,3,Urban centre,6.0,,population_growth,12.94615140515258,percent,
dynamic_static_growth_comparison,dynamic,,2015-2025,500-1499 m,3,Urban centre,6.0,,population_growth,15.807223818183571,percent,
dynamic_static_growth_comparison,dynamic_minus_static_2025,,2015-2025,500-1499 m,3,Urban centre,6.0,,growth_difference,2.861072413030991,percentage points,
dynamic_static_growth_comparison,static_2025,2015.0,,500-1499 m,3,Urban centre,6.0,,population_denominator,409972123.6643691,people,
dynamic_static_growth_comparison,static_2025,,2015-2025,<100 m,1,Dense urban,5.0,,population_growth,8.385400444101025,percent,
dynamic_static_growth_comparison,dynamic,,2015-2025,<100 m,1,Dense urban,5.0,,population_growth,5.667123718281262,percent,
dynamic_static_growth_comparison,dynamic_minus_static_2025,,2015-2025,<100 m,1,Dense urban,5.0,,growth_difference,-2.718276725819763,percentage points,
dynamic_static_growth_comparison,static_2025,2015.0,,<100 m,1,Dense urban,5.0,,population_denominator,303966979.92735285,people,
dynamic_static_growth_comparison,static_2025,,2015-2025,<100 m,1,Low-density rural,1.0,,population_growth,7.681817630795479,percent,
dynamic_static_growth_comparison,dynamic,,2015-2025,<100 m,1,Low-density rural,1.0,,population_growth,-3.175798747723734,percent,
dynamic_static_growth_comparison,dynamic_minus_static_2025,,2015-2025,<100 m,1,Low-density rural,1.0,,growth_difference,-10.857616378519213,percentage points,
dynamic_static_growth_comparison,static_2025,2015.0,,<100 m,1,Low-density rural,1.0,,population_denominator,443549060.98496056,people,
dynamic_static_growth_comparison,static_2025,,2015-2025,<100 m,1,Peri-urban,3.0,,population_growth,8.22535795337065,percent,
dynamic_static_growth_comparison,dynamic,,2015-2025,<100 m,1,Peri-urban,3.0,,population_growth,6.357909367299047,percent,
dynamic_static_growth_comparison,dynamic_minus_static_2025,,2015-2025,<100 m,1,Peri-urban,3.0,,growth_difference,-1.8674485860716032,percentage points,
dynamic_static_growth_comparison,static_2025,2015.0,,<100 m,1,Peri-urban,3.0,,population_denominator,670246378.6795845,people,
dynamic_static_growth_comparison,static_2025,,2015-2025,<100 m,1,Rural cluster,2.0,,population_growth,8.9282763578167,percent,
dynamic_static_growth_comparison,dynamic,,2015-2025,<100 m,1,Rural cluster,2.0,,population_growth,3.73986197429061,percent,
dynamic_static_growth_comparison,dynamic_minus_static_2025,,2015-2025,<100 m,1,Rural cluster,2.0,,growth_difference,-5.188414383526089,percentage points,
dynamic_static_growth_comparison,static_2025,2015.0,,<100 m,1,Rural cluster,2.0,,population_denominator,85732494.21051188,people,
dynamic_static_growth_comparison,static_2025,,2015-2025,<100 m,1,Semi-dense urban,4.0,,population_growth,7.737813722121252,percent,
dynamic_static_growth_comparison,dynamic,,2015-2025,<100 m,1,Semi-dense urban,4.0,,population_growth,10.185308803668203,percent,
dynamic_static_growth_comparison,dynamic_minus_static_2025,,2015-2025,<100 m,1,Semi-dense urban,4.0,,growth_difference,2.447495081546953,percentage points,
dynamic_static_growth_comparison,static_2025,2015.0,,<100 m,1,Semi-dense urban,4.0,,population_denominator,83886397.08637431,people,
dynamic_static_growth_comparison,static_2025,,2015-2025,<100 m,1,Urban centre,6.0,,population_growth,7.758939280915819,percent,
dynamic_static_growth_comparison,dynamic,,2015-2025,<100 m,1,Urban centre,6.0,,population_growth,11.440873075711016,percent,
dynamic_static_growth_comparison,dynamic_minus_static_2025,,2015-2025,<100 m,1,Urban centre,6.0,,growth_difference,3.6819337947951967,percentage points,
dynamic_static_growth_comparison,static_2025,2015.0,,<100 m,1,Urban centre,6.0,,population_denominator,1665612847.066712,people,
dynamic_static_growth_comparison,static_2025,,2015-2025,>=3500 m,6,Dense urban,5.0,,population_growth,5.0667296443476895,percent,
dynamic_static_growth_comparison,dynamic,,2015-2025,>=3500 m,6,Dense urban,5.0,,population_growth,0.0323597940303804,percent,
dynamic_static_growth_comparison,dynamic_minus_static_2025,,2015-2025,>=3500 m,6,Dense urban,5.0,,growth_difference,-5.034369850317309,percentage points,
dynamic_static_growth_comparison,static_2025,2015.0,,>=3500 m,6,Dense urban,5.0,,population_denominator,1271768.941425761,people,
dynamic_static_growth_comparison,static_2025,,2015-2025,>=3500 m,6,Low-density rural,1.0,,population_growth,10.490030058576256,percent,
dynamic_static_growth_comparison,dynamic,,2015-2025,>=3500 m,6,Low-density rural,1.0,,population_growth,7.225227638940483,percent,
dynamic_static_growth_comparison,dynamic_minus_static_2025,,2015-2025,>=3500 m,6,Low-density rural,1.0,,growth_difference,-3.264802419635773,percentage points,
dynamic_static_growth_comparison,static_2025,2015.0,,>=3500 m,6,Low-density rural,1.0,,population_denominator,4354097.0635296935,people,
dynamic_static_growth_comparison,static_2025,,2015-2025,>=3500 m,6,Peri-urban,3.0,,population_growth,7.364126429940969,percent,
dynamic_static_growth_comparison,dynamic,,2015-2025,>=3500 m,6,Peri-urban,3.0,,population_growth,10.437326427223256,percent,
dynamic_static_growth_comparison,dynamic_minus_static_2025,,2015-2025,>=3500 m,6,Peri-urban,3.0,,growth_difference,3.0731999972822877,percentage points,
dynamic_static_growth_comparison,static_2025,2015.0,,>=3500 m,6,Peri-urban,3.0,,population_denominator,757835.3546815229,people,
dynamic_static_growth_comparison,static_2025,,2015-2025,>=3500 m,6,Rural cluster,2.0,,population_growth,6.773620991120883,percent,
dynamic_static_growth_comparison,dynamic,,2015-2025,>=3500 m,6,Rural cluster,2.0,,population_growth,6.7293360420612185,percent,
dynamic_static_growth_comparison,dynamic_minus_static_2025,,2015-2025,>=3500 m,6,Rural cluster,2.0,,growth_difference,-0.0442849490596648,percentage points,
dynamic_static_growth_comparison,static_2025,2015.0,,>=3500 m,6,Rural cluster,2.0,,population_denominator,1221666.437914577,people,
dynamic_static_growth_comparison,static_2025,,2015-2025,>=3500 m,6,Semi-dense urban,4.0,,population_growth,3.160723070478578,percent,
dynamic_static_growth_comparison,dynamic,,2015-2025,>=3500 m,6,Semi-dense urban,4.0,,population_growth,66.07478809271495,percent,
dynamic_static_growth_comparison,dynamic_minus_static_2025,,2015-2025,>=3500 m,6,Semi-dense urban,4.0,,growth_difference,62.91406502223638,percentage points,
dynamic_static_growth_comparison,static_2025,2015.0,,>=3500 m,6,Semi-dense urban,4.0,,population_denominator,271269.39137855073,people,
dynamic_static_growth_comparison,static_2025,,2015-2025,>=3500 m,6,Urban centre,6.0,,population_growth,11.285724711911298,percent,
dynamic_static_growth_comparison,dynamic,,2015-2025,>=3500 m,6,Urban centre,6.0,,population_growth,12.592046350832309,percent,
dynamic_static_growth_comparison,dynamic_minus_static_2025,,2015-2025,>=3500 m,6,Urban centre,6.0,,growth_difference,1.3063216389210108,percentage points,
dynamic_static_growth_comparison,static_2025,2015.0,,>=3500 m,6,Urban centre,6.0,,population_denominator,3188748.9220830686,people,
figure2_elevation_settlement,static_2025,2025.0,,<100 m,1,Low-density rural,1.0,,male_share,50.43719050215817,percent,"Male population as a share of total population, 2025."
figure2_elevation_settlement,static_2025,2025.0,,<100 m,1,Rural cluster,2.0,,male_share,50.22925095651163,percent,"Male population as a share of total population, 2025."
figure2_elevation_settlement,static_2025,2025.0,,<100 m,1,Peri-urban,3.0,,male_share,50.34644817933882,percent,"Male population as a share of total population, 2025."
figure2_elevation_settlement,static_2025,2025.0,,<100 m,1,Semi-dense urban,4.0,,male_share,50.21107648942859,percent,"Male population as a share of total population, 2025."
figure2_elevation_settlement,static_2025,2025.0,,<100 m,1,Dense urban,5.0,,male_share,50.2447165394874,percent,"Male population as a share of total population, 2025."
figure2_elevation_settlement,static_2025,2025.0,,<100 m,1,Urban centre,6.0,,male_share,50.29858627032895,percent,"Male population as a share of total population, 2025."
figure2_elevation_settlement,static_2025,2025.0,,100-499 m,2,Low-density rural,1.0,,male_share,50.40543110793275,percent,"Male population as a share of total population, 2025."
figure2_elevation_settlement,static_2025,2025.0,,100-499 m,2,Rural cluster,2.0,,male_share,50.34292002740104,percent,"Male population as a share of total population, 2025."
figure2_elevation_settlement,static_2025,2025.0,,100-499 m,2,Peri-urban,3.0,,male_share,50.46279533828399,percent,"Male population as a share of total population, 2025."
figure2_elevation_settlement,static_2025,2025.0,,100-499 m,2,Semi-dense urban,4.0,,male_share,50.42278316472121,percent,"Male population as a share of total population, 2025."
figure2_elevation_settlement,static_2025,2025.0,,100-499 m,2,Dense urban,5.0,,male_share,50.15537681310663,percent,"Male population as a share of total population, 2025."
figure2_elevation_settlement,static_2025,2025.0,,100-499 m,2,Urban centre,6.0,,male_share,50.23058304887712,percent,"Male population as a share of total population, 2025."
figure2_elevation_settlement,static_2025,2025.0,,500-1499 m,3,Low-density rural,1.0,,male_share,50.29084511565742,percent,"Male population as a share of total population, 2025."
figure2_elevation_settlement,static_2025,2025.0,,500-1499 m,3,Rural cluster,2.0,,male_share,50.344764023329866,percent,"Male population as a share of total population, 2025."
figure2_elevation_settlement,static_2025,2025.0,,500-1499 m,3,Peri-urban,3.0,,male_share,50.173558357787186,percent,"Male population as a share of total population, 2025."
figure2_elevation_settlement,static_2025,2025.0,,500-1499 m,3,Semi-dense urban,4.0,,male_share,50.10134061275438,percent,"Male population as a share of total population, 2025."
figure2_elevation_settlement,static_2025,2025.0,,500-1499 m,3,Dense urban,5.0,,male_share,50.25792101167156,percent,"Male population as a share of total population, 2025."
figure2_elevation_settlement,static_2025,2025.0,,500-1499 m,3,Urban centre,6.0,,male_share,50.10001325961797,percent,"Male population as a share of total population, 2025."
figure2_elevation_settlement,static_2025,2025.0,,1500-2499 m,4,Low-density rural,1.0,,male_share,49.99795962256656,percent,"Male population as a share of total population, 2025."
figure2_elevation_settlement,static_2025,2025.0,,1500-2499 m,4,Rural cluster,2.0,,male_share,49.9992235567572,percent,"Male population as a share of total population, 2025."
figure2_elevation_settlement,static_2025,2025.0,,1500-2499 m,4,Peri-urban,3.0,,male_share,49.776997827963854,percent,"Male population as a share of total population, 2025."
figure2_elevation_settlement,static_2025,2025.0,,1500-2499 m,4,Semi-dense urban,4.0,,male_share,49.70691385159163,percent,"Male population as a share of total population, 2025."
figure2_elevation_settlement,static_2025,2025.0,,1500-2499 m,4,Dense urban,5.0,,male_share,50.12424413075463,percent,"Male population as a share of total population, 2025."
figure2_elevation_settlement,static_2025,2025.0,,1500-2499 m,4,Urban centre,6.0,,male_share,49.82551174383349,percent,"Male population as a share of total population, 2025."
figure2_elevation_settlement,static_2025,2025.0,,2500-3499 m,5,Low-density rural,1.0,,male_share,49.67909352611901,percent,"Male population as a share of total population, 2025."
figure2_elevation_settlement,static_2025,2025.0,,2500-3499 m,5,Rural cluster,2.0,,male_share,49.9304521228998,percent,"Male population as a share of total population, 2025."
figure2_elevation_settlement,static_2025,2025.0,,2500-3499 m,5,Peri-urban,3.0,,male_share,49.132147240634914,percent,"Male population as a share of total population, 2025."
figure2_elevation_settlement,static_2025,2025.0,,2500-3499 m,5,Semi-dense urban,4.0,,male_share,49.36256333769784,percent,"Male population as a share of total population, 2025."
figure2_elevation_settlement,static_2025,2025.0,,2500-3499 m,5,Dense urban,5.0,,male_share,49.68463765413191,percent,"Male population as a share of total population, 2025."
figure2_elevation_settlement,static_2025,2025.0,,2500-3499 m,5,Urban centre,6.0,,male_share,48.67457109472839,percent,"Male population as a share of total population, 2025."
figure2_elevation_settlement,static_2025,2025.0,,>=3500 m,6,Low-density rural,1.0,,male_share,50.594331118442334,percent,"Male population as a share of total population, 2025."
figure2_elevation_settlement,static_2025,2025.0,,>=3500 m,6,Rural cluster,2.0,,male_share,51.46747732697378,percent,"Male population as a share of total population, 2025."
figure2_elevation_settlement,static_2025,2025.0,,>=3500 m,6,Peri-urban,3.0,,male_share,51.454444912590816,percent,"Male population as a share of total population, 2025."
figure2_elevation_settlement,static_2025,2025.0,,>=3500 m,6,Semi-dense urban,4.0,,male_share,51.62083537305304,percent,"Male population as a share of total population, 2025."
figure2_elevation_settlement,static_2025,2025.0,,>=3500 m,6,Dense urban,5.0,,male_share,50.98677931450837,percent,"Male population as a share of total population, 2025."
figure2_elevation_settlement,static_2025,2025.0,,>=3500 m,6,Urban centre,6.0,,male_share,50.42153972468165,percent,"Male population as a share of total population, 2025."
figure1_age_contribution,static_2025,2015,,<100 m,1,,,,population_denominator,3255289583.297298,people,2015 total population denominator for Figure 1C contributions.
figure1_age_contribution,static_2025,,2015-2025,<100 m,1,,,,population_growth,7.935043064584443,percent,Total modeled population growth label shown at the end of each Figure 1C bar.
figure1_age_contribution,static_2025,2015,,<100 m,1,,,0-14,population,786041117.2023543,people,Broad age-class population used to compute Figure 1C.
figure1_age_contribution,static_2025,2025,,<100 m,1,,,0-14,population,764049297.0872445,people,Broad age-class population used to compute Figure 1C.
figure1_age_contribution,static_2025,,2015-2025,<100 m,1,,,0-14,absolute_change,-21991820.1151098,people,"Age-class modeled population change, 2015-2025."
figure1_age_contribution,static_2025,,2015-2025,<100 m,1,,,0-14,contribution_to_total_growth,-0.675571851670234,percentage points,Segment value for Figure 1C: age-class change divided by 2015 total population in the elevation group.
figure1_age_contribution,static_2025,2015,,<100 m,1,,,15-64,population,2178618262.693261,people,Broad age-class population used to compute Figure 1C.
figure1_age_contribution,static_2025,2025,,<100 m,1,,,15-64,population,2345135031.955626,people,Broad age-class population used to compute Figure 1C.
figure1_age_contribution,static_2025,,2015-2025,<100 m,1,,,15-64,absolute_change,166516769.26236486,people,"Age-class modeled population change, 2015-2025."
figure1_age_contribution,static_2025,,2015-2025,<100 m,1,,,15-64,contribution_to_total_growth,5.115267474720306,percentage points,Segment value for Figure 1C: age-class change divided by 2015 total population in the elevation group.
figure1_age_contribution,static_2025,2015,,<100 m,1,,,65+,population,290630203.4016825,people,Broad age-class population used to compute Figure 1C.
figure1_age_contribution,static_2025,2025,,<100 m,1,,,65+,population,404413884.5665805,people,Broad age-class population used to compute Figure 1C.
figure1_age_contribution,static_2025,,2015-2025,<100 m,1,,,65+,absolute_change,113783681.16489798,people,"Age-class modeled population change, 2015-2025."
figure1_age_contribution,static_2025,,2015-2025,<100 m,1,,,65+,contribution_to_total_growth,3.4953474415522185,percentage points,Segment value for Figure 1C: age-class change divided by 2015 total population in the elevation group.
figure1_age_contribution,static_2025,2015,,100-499 m,2,,,,population_denominator,2473002289.789188,people,2015 total population denominator for Figure 1C contributions.
figure1_age_contribution,static_2025,,2015-2025,100-499 m,2,,,,population_growth,10.341972497568372,percent,Total modeled population growth label shown at the end of each Figure 1C bar.
figure1_age_contribution,static_2025,2015,,100-499 m,2,,,0-14,population,672033700.4106543,people,Broad age-class population used to compute Figure 1C.
figure1_age_contribution,static_2025,2025,,100-499 m,2,,,0-14,population,686087721.9078779,people,Broad age-class population used to compute Figure 1C.
figure1_age_contribution,static_2025,,2015-2025,100-499 m,2,,,0-14,absolute_change,14054021.497223616,people,"Age-class modeled population change, 2015-2025."
figure1_age_contribution,static_2025,,2015-2025,100-499 m,2,,,0-14,contribution_to_total_growth,0.5682979573149387,percentage points,Segment value for Figure 1C: age-class change divided by 2015 total population in the elevation group.
figure1_age_contribution,static_2025,2015,,100-499 m,2,,,15-64,population,1588968457.8456843,people,Broad age-class population used to compute Figure 1C.
figure1_age_contribution,static_2025,2025,,100-499 m,2,,,15-64,population,1752714028.665667,people,Broad age-class population used to compute Figure 1C.
figure1_age_contribution,static_2025,,2015-2025,100-499 m,2,,,15-64,absolute_change,163745570.81998277,people,"Age-class modeled population change, 2015-2025."
figure1_age_contribution,static_2025,,2015-2025,100-499 m,2,,,15-64,contribution_to_total_growth,6.621327100911876,percentage points,Segment value for Figure 1C: age-class change divided by 2015 total population in the elevation group.
figure1_age_contribution,static_2025,2015,,100-499 m,2,,,65+,population,212000131.5328491,people,Broad age-class population used to compute Figure 1C.
figure1_age_contribution,static_2025,2025,,100-499 m,2,,,65+,population,289957755.88989186,people,Broad age-class population used to compute Figure 1C.
figure1_age_contribution,static_2025,,2015-2025,100-499 m,2,,,65+,absolute_change,77957624.35704276,people,"Age-class modeled population change, 2015-2025."
figure1_age_contribution,static_2025,,2015-2025,100-499 m,2,,,65+,contribution_to_total_growth,3.1523474393421727,percentage points,Segment value for Figure 1C: age-class change divided by 2015 total population in the elevation group.
figure1_age_contribution,static_2025,2015,,500-1499 m,3,,,,population_denominator,1242716345.748641,people,2015 total population denominator for Figure 1C contributions.
figure1_age_contribution,static_2025,,2015-2025,500-1499 m,3,,,,population_growth,14.289176963293308,percent,Total modeled population growth label shown at the end of each Figure 1C bar.
figure1_age_contribution,static_2025,2015,,500-1499 m,3,,,0-14,population,372707871.66807985,people,Broad age-class population used to compute Figure 1C.
figure1_age_contribution,static_2025,2025,,500-1499 m,3,,,0-14,population,399062501.9886886,people,Broad age-class population used to compute Figure 1C.
figure1_age_contribution,static_2025,,2015-2025,500-1499 m,3,,,0-14,absolute_change,26354630.320608735,people,"Age-class modeled population change, 2015-2025."
figure1_age_contribution,static_2025,,2015-2025,500-1499 m,3,,,0-14,contribution_to_total_growth,2.1207277437661847,percentage points,Segment value for Figure 1C: age-class change divided by 2015 total population in the elevation group.
figure1_age_contribution,static_2025,2015,,500-1499 m,3,,,15-64,population,789182173.1674286,people,Broad age-class population used to compute Figure 1C.
figure1_age_contribution,static_2025,2025,,500-1499 m,3,,,15-64,population,904732129.1925628,people,Broad age-class population used to compute Figure 1C.
figure1_age_contribution,static_2025,,2015-2025,500-1499 m,3,,,15-64,absolute_change,115549956.02513433,people,"Age-class modeled population change, 2015-2025."
figure1_age_contribution,static_2025,,2015-2025,500-1499 m,3,,,15-64,contribution_to_total_growth,9.298176242747042,percentage points,Segment value for Figure 1C: age-class change divided by 2015 total population in the elevation group.
figure1_age_contribution,static_2025,2015,,500-1499 m,3,,,65+,population,80826300.91313249,people,Broad age-class population used to compute Figure 1C.
figure1_age_contribution,static_2025,2025,,500-1499 m,3,,,65+,population,116495652.36637044,people,Broad age-class population used to compute Figure 1C.
figure1_age_contribution,static_2025,,2015-2025,500-1499 m,3,,,65+,absolute_change,35669351.45323795,people,"Age-class modeled population change, 2015-2025."
figure1_age_contribution,static_2025,,2015-2025,500-1499 m,3,,,65+,contribution_to_total_growth,2.870272977036438,percentage points,Segment value for Figure 1C: age-class change divided by 2015 total population in the elevation group.
figure1_age_contribution,static_2025,2015,,1500-2499 m,4,,,,population_denominator,387953295.1039886,people,2015 total population denominator for Figure 1C contributions.
figure1_age_contribution,static_2025,,2015-2025,1500-2499 m,4,,,,population_growth,17.513882388620004,percent,Total modeled population growth label shown at the end of each Figure 1C bar.
figure1_age_contribution,static_2025,2015,,1500-2499 m,4,,,0-14,population,129590120.11779836,people,Broad age-class population used to compute Figure 1C.
figure1_age_contribution,static_2025,2025,,1500-2499 m,4,,,0-14,population,141346840.09154046,people,Broad age-class population used to compute Figure 1C.
figure1_age_contribution,static_2025,,2015-2025,1500-2499 m,4,,,0-14,absolute_change,11756719.973742085,people,"Age-class modeled population change, 2015-2025."
figure1_age_contribution,static_2025,,2015-2025,1500-2499 m,4,,,0-14,contribution_to_total_growth,3.030447252829948,percentage points,Segment value for Figure 1C: age-class change divided by 2015 total population in the elevation group.
figure1_age_contribution,static_2025,2015,,1500-2499 m,4,,,15-64,population,238935755.2716123,people,Broad age-class population used to compute Figure 1C.
figure1_age_contribution,static_2025,2025,,1500-2499 m,4,,,15-64,population,285870013.31154823,people,Broad age-class population used to compute Figure 1C.
figure1_age_contribution,static_2025,,2015-2025,1500-2499 m,4,,,15-64,absolute_change,46934258.03993595,people,"Age-class modeled population change, 2015-2025."
figure1_age_contribution,static_2025,,2015-2025,1500-2499 m,4,,,15-64,contribution_to_total_growth,12.09791452534396,percentage points,Segment value for Figure 1C: age-class change divided by 2015 total population in the elevation group.
figure1_age_contribution,static_2025,2015,,1500-2499 m,4,,,65+,population,19427419.71457794,people,Broad age-class population used to compute Figure 1C.
figure1_age_contribution,static_2025,2025,,1500-2499 m,4,,,65+,population,28682125.52818836,people,Broad age-class population used to compute Figure 1C.
figure1_age_contribution,static_2025,,2015-2025,1500-2499 m,4,,,65+,absolute_change,9254705.81361042,people,"Age-class modeled population change, 2015-2025."
figure1_age_contribution,static_2025,,2015-2025,1500-2499 m,4,,,65+,contribution_to_total_growth,2.3855206104460978,percentage points,Segment value for Figure 1C: age-class change divided by 2015 total population in the elevation group.
figure1_age_contribution,static_2025,2015,,2500-3499 m,5,,,,population_denominator,56167239.28340188,people,2015 total population denominator for Figure 1C contributions.
figure1_age_contribution,static_2025,,2015-2025,2500-3499 m,5,,,,population_growth,17.634497173316483,percent,Total modeled population growth label shown at the end of each Figure 1C bar.
figure1_age_contribution,static_2025,2015,,2500-3499 m,5,,,0-14,population,17980925.27012995,people,Broad age-class population used to compute Figure 1C.
figure1_age_contribution,static_2025,2025,,2500-3499 m,5,,,0-14,population,18963290.67414125,people,Broad age-class population used to compute Figure 1C.
figure1_age_contribution,static_2025,,2015-2025,2500-3499 m,5,,,0-14,absolute_change,982365.4040113016,people,"Age-class modeled population change, 2015-2025."
figure1_age_contribution,static_2025,,2015-2025,2500-3499 m,5,,,0-14,contribution_to_total_growth,1.7490006924759125,percentage points,Segment value for Figure 1C: age-class change divided by 2015 total population in the elevation group.
figure1_age_contribution,static_2025,2015,,2500-3499 m,5,,,15-64,population,35040508.99576253,people,Broad age-class population used to compute Figure 1C.
figure1_age_contribution,static_2025,2025,,2500-3499 m,5,,,15-64,population,42493828.40861637,people,Broad age-class population used to compute Figure 1C.
figure1_age_contribution,static_2025,,2015-2025,2500-3499 m,5,,,15-64,absolute_change,7453319.412853844,people,"Age-class modeled population change, 2015-2025."
figure1_age_contribution,static_2025,,2015-2025,2500-3499 m,5,,,15-64,contribution_to_total_growth,13.26986960360787,percentage points,Segment value for Figure 1C: age-class change divided by 2015 total population in the elevation group.
figure1_age_contribution,static_2025,2015,,2500-3499 m,5,,,65+,population,3145805.017509407,people,Broad age-class population used to compute Figure 1C.
figure1_age_contribution,static_2025,2025,,2500-3499 m,5,,,65+,population,4614930.424405666,people,Broad age-class population used to compute Figure 1C.
figure1_age_contribution,static_2025,,2015-2025,2500-3499 m,5,,,65+,absolute_change,1469125.4068962592,people,"Age-class modeled population change, 2015-2025."
figure1_age_contribution,static_2025,,2015-2025,2500-3499 m,5,,,65+,contribution_to_total_growth,2.6156268772326934,percentage points,Segment value for Figure 1C: age-class change divided by 2015 total population in the elevation group.
figure1_age_contribution,static_2025,2015,,>=3500 m,6,,,,population_denominator,11068280.054239174,people,2015 total population denominator for Figure 1C contributions.
figure1_age_contribution,static_2025,,2015-2025,>=3500 m,6,,,,population_growth,9.29207760806934,percent,Total modeled population growth label shown at the end of each Figure 1C bar.
figure1_age_contribution,static_2025,2015,,>=3500 m,6,,,0-14,population,3146668.330207245,people,Broad age-class population used to compute Figure 1C.
figure1_age_contribution,static_2025,2025,,>=3500 m,6,,,0-14,population,3083663.706089133,people,Broad age-class population used to compute Figure 1C.
figure1_age_contribution,static_2025,,2015-2025,>=3500 m,6,,,0-14,absolute_change,-63004.62411811203,people,"Age-class modeled population change, 2015-2025."
figure1_age_contribution,static_2025,,2015-2025,>=3500 m,6,,,0-14,contribution_to_total_growth,-0.5692359048502854,percentage points,Segment value for Figure 1C: age-class change divided by 2015 total population in the elevation group.
figure1_age_contribution,static_2025,2015,,>=3500 m,6,,,15-64,population,7253774.219617107,people,Broad age-class population used to compute Figure 1C.
figure1_age_contribution,static_2025,2025,,>=3500 m,6,,,15-64,population,8102966.1528831795,people,Broad age-class population used to compute Figure 1C.
figure1_age_contribution,static_2025,,2015-2025,>=3500 m,6,,,15-64,absolute_change,849191.9332660725,people,"Age-class modeled population change, 2015-2025."
figure1_age_contribution,static_2025,,2015-2025,>=3500 m,6,,,15-64,contribution_to_total_growth,7.672302553826602,percentage points,Segment value for Figure 1C: age-class change divided by 2015 total population in the elevation group.
figure1_age_contribution,static_2025,2015,,>=3500 m,6,,,65+,population,667837.5044148226,people,Broad age-class population used to compute Figure 1C.
figure1_age_contribution,static_2025,2025,,>=3500 m,6,,,65+,population,910123.3677852262,people,Broad age-class population used to compute Figure 1C.
figure1_age_contribution,static_2025,,2015-2025,>=3500 m,6,,,65+,absolute_change,242285.86337040365,people,"Age-class modeled population change, 2015-2025."
figure1_age_contribution,static_2025,,2015-2025,>=3500 m,6,,,65+,contribution_to_total_growth,2.1890109590930313,percentage points,Segment value for Figure 1C: age-class change divided by 2015 total population in the elevation group.
